{"stats":{"minecraft:killed":{"born_in_chaos_v1:zombie_clown":1,"graveyard:corrupted_vindicator":8,"minecraft:spider":3,"graveyard:wraith":25,"born_in_chaos_v1:zombie_bruiser":2,"born_in_chaos_v1:maggot":16,"minecraft:phantom":1,"graveyard:acolyte":28,"born_in_chaos_v1:firelight_not_despawn":1,"born_in_chaos_v1:bonescaller":1,"born_in_chaos_v1:diamond_termite":3,"born_in_chaos_v1:swarmer":1,"born_in_chaos_v1:decrepit_skeleton":1,"midnight_madness:dark_wolf":1,"born_in_chaos_v1:phantom_creeper_copy":1,"born_in_chaos_v1:zombie_fisherman":3,"minecraft:zombie":14,"born_in_chaos_v1:dread_hound":2,"born_in_chaos_v1:corpse_fly":14,"born_in_chaos_v1:nightmare_stalker":1,"alexsmobs:fly":1,"born_in_chaos_v1:door_knight":1},"minecraft:mined":{"minecraft:deepslate_tiles":26,"minecraft:tuff":1,"graveyard:pedestal":1,"minecraft:deepslate_diamond_ore":2,"minecraft:candle":1,"born_in_chaos_v1:infected_diamond_ore":1,"minecraft:spruce_trapdoor":5,"minecraft:granite":9,"minecraft:spruce_fence":1,"minecraft:grass_block":765,"graveyard:tg_deepslate":3,"minecraft:redstone_wire":4,"minecraft:purple_stained_glass_pane":2,"minecraft:spawner":4,"minecraft:horn_coral_wall_fan":1,"byg:red_oak_leaves":2,"minecraft:furnace":2,"minecraft:iron_ore":19,"minecraft:sticky_piston":1,"minecraft:fire":7,"minecraft:cobbled_deepslate":6,"minecraft:stripped_spruce_log":2,"minecraft:polished_deepslate":3,"minecraft:bookshelf":23,"minecraft:deepslate_iron_ore":11,"minecraft:dirt_path":1,"minecraft:iron_bars":3,"byg:rocky_stone":15,"minecraft:stone":215,"minecraft:tripwire":2,"minecraft:brain_coral":1,"minecraft:oak_slab":11,"byg:white_sand":1,"minecraft:red_bed":2,"minecraft:observer":2,"minecraft:dandelion":2,"born_in_chaos_v1:infected_deepslate_diamond_ore":2,"minecraft:oak_fence":12,"minecraft:cornflower":1,"minecraft:crafting_table":7,"minecraft:torch":6,"minecraft:oxidized_copper":1,"minecraft:dead_bush":3,"born_in_chaos_v1:black_argillite_column_slab":1,"minecraft:copper_ore":1,"minecraft:cobblestone":47,"minecraft:deepslate_gold_ore":19,"minecraft:lapis_ore":5,"minecraft:oak_planks":38,"minecraft:wall_torch":3,"minecraft:birch_planks":9,"minecraft:repeater":1,"byg:soapstone":3,"graveyard:vase_block":1,"born_in_chaos_v1:fired_black_argillite":1,"minecraft:stripped_oak_wood":4,"minecraft:cracked_deepslate_tiles":11,"minecraft:grass":82,"graveyard:creeper_skeleton":1,"minecraft:coal_ore":34,"minecraft:oak_log":39,"byg:tall_pink_allium":1,"minecraft:gravel":10,"minecraft:loom":1,"minecraft:dirt":312,"byg:palo_verde_log":33,"minecraft:dripstone_block":4,"minecraft:cobweb":23,"minecraft:gold_ore":3,"minecraft:piston":1,"minecraft:polished_deepslate_wall":1,"minecraft:deepslate":18,"minecraft:fern":1},"minecraft:custom":{"minecraft:mob_kills":131,"minecraft:interact_with_crafting_table":23,"minecraft:open_barrel":20,"minecraft:damage_dealt_resisted":264,"minecraft:leave_game":2,"minecraft:time_since_death":126688,"minecraft:climb_one_cm":5791,"minecraft:sprint_one_cm":479858,"minecraft:walk_one_cm":836693,"minecraft:damage_blocked_by_shield":661,"minecraft:drop":365,"minecraft:play_time":277175,"minecraft:sneak_time":29838,"minecraft:deaths":7,"minecraft:walk_under_water_one_cm":31466,"minecraft:jump":4856,"minecraft:interact_with_blast_furnace":1,"minecraft:walk_on_water_one_cm":47634,"minecraft:total_world_time":277175,"minecraft:interact_with_furnace":11,"tombstone:raider_killed":1,"minecraft:time_since_rest":126718,"minecraft:waystone_activated":6,"minecraft:damage_taken":10706,"minecraft:damage_dealt":25394,"minecraft:swim_one_cm":159475,"minecraft:fly_one_cm":799125,"minecraft:open_chest":25,"minecraft:crouch_one_cm":106380,"tombstone:undead_killed":50,"minecraft:fall_one_cm":131436,"minecraft:horse_one_cm":14330},"minecraft:broken":{"minecraft:iron_shovel":4,"minecraft:iron_boots":1,"minecraft:iron_chestplate":1,"minecraft:iron_leggings":1,"minecraft:iron_axe":1,"minecraft:iron_sword":1,"minecraft:iron_helmet":2},"minecraft:dropped":{"born_in_chaos_v1:intoxicating_decoction":2,"minecraft:iron_sword":3,"minecraft:stripped_spruce_log":2,"minecraft:candle":3,"minecraft:wheat_seeds":24,"minecraft:glow_ink_sac":1,"minecraft:loom":3,"minecraft:diamond":1,"minecraft:crafting_table":1,"minecraft:dripstone_block":12,"minecraft:feather":1,"minecraft:cobblestone":15,"minecraft:book":19,"minecraft:observer":2,"minecraft:granite":8,"born_in_chaos_v1:pieceofdarkmetal":1,"born_in_chaos_v1:dark_ritual_dagger":1,"graveyard:bone_dagger":2,"born_in_chaos_v1:nightmare_claw":1,"minecraft:grass_block":4,"graveyard:corruption":1,"minecraft:emerald":2,"minecraft:flint":1,"minecraft:stick":2,"minecraft:music_disc_13":1,"minecraft:cod":1,"minecraft:cobweb":4,"born_in_chaos_v1:monster_flesh":7,"minecraft:diamond_horse_armor":1,"minecraft:dirt":11,"byg:pink_allium_flower_bush":2,"mca:book_romance":1,"born_in_chaos_v1:river_mint":5,"born_in_chaos_v1:monster_skin":4,"minecraft:cornflower":1,"tombstone:grave_key":3,"byg:soapstone":3,"minecraft:cracked_deepslate_tiles":6,"tombstone:grave_dust":10,"alexsmobs:emu_feather":2,"minecraft:bone_meal":2,"minecraft:iron_axe":1,"minecraft:iron_pickaxe":2,"minecraft:stripped_oak_wood":9,"minecraft:string":20,"midnight_madness:dark_soul":2,"minecraft:music_disc_cat":1,"minecraft:oxidized_copper":1,"minecraft:polished_deepslate":2,"minecraft:bone":1,"minecraft:redstone":1,"minecraft:gravel":1,"graveyard:pedestal":1,"alexsmobs:maggot":1,"born_in_chaos_v1:fire_dust":1,"minecraft:cobbled_deepslate":13,"minecraft:raw_copper":3,"minecraft:tuff":1,"tombstone:gift":2,"minecraft:pointed_dripstone":8,"born_in_chaos_v1:ethereal_spirit":1,"born_in_chaos_v1:rotten_fish":3,"minecraft:deepslate_brick_slab":7,"minecraft:rotten_flesh":36,"byg:tall_allium":1,"minecraft:oak_planks":2,"minecraft:spruce_fence":1,"minecraft:carrot":1,"minecraft:potato":1,"minecraft:deepslate_tiles":16,"alexsmobs:cockroach_wing_fragment":1,"minecraft:spruce_trapdoor":10,"byg:rocky_stone":12,"born_in_chaos_v1:corpse_maggot":25,"minecraft:ladder":12,"born_in_chaos_v1:diamond_termite_shard":3,"minecraft:iron_bars":5,"byg:tall_pink_allium":1,"minecraft:arrow":2,"minecraft:raw_gold":1,"minecraft:music_disc_mellohi":1,"minecraft:bell":1,"byg:dacite_cobblestone":1,"born_in_chaos_v1:marigolds":5},"minecraft:killed_by":{"born_in_chaos_v1:nightmare_stalker":1,"graveyard:acolyte":2,"minecraft:zombie":1},"minecraft:crafted":{"minecraft:oak_planks":184,"minecraft:furnace":2,"minecraft:iron_axe":1,"minecraft:oak_fence":24,"minecraft:oak_slab":42,"minecraft:crafting_table":5,"minecraft:iron_sword":1,"sophisticatedbackpacks:gold_backpack":1,"minecraft:bucket":1,"minecraft:birch_planks":132,"minecraft:air":0,"minecraft:shield":1,"minecraft:stick":64,"minecraft:iron_ingot":17,"minecraft:iron_pickaxe":1,"minecraft:iron_shovel":5,"minecraft:torch":128},"minecraft:used":{"alexsmobs:emu_egg":1,"minecraft:oak_fence":18,"minecraft:iron_shovel":1034,"minecraft:shield":18,"minecraft:iron_sword":343,"minecraft:torch":140,"minecraft:dirt":1259,"minecraft:cracked_deepslate_tiles":6,"minecraft:lava_bucket":4,"minecraft:iron_axe":282,"minecraft:golden_carrot":1,"minecraft:furnace":4,"tombstone:gift":3,"minecraft:cobbled_deepslate":18,"minecraft:pointed_dripstone":1,"byg:golden_spined_cactus":1,"minecraft:water_bucket":17,"minecraft:birch_planks":114,"minecraft:oak_planks":137,"graveyard:bone_dagger":38,"minecraft:red_bed":3,"minecraft:oak_slab":46,"minecraft:crafting_table":11,"simplyswords:iron_greataxe":30,"byg:tall_pink_allium":2,"minecraft:deepslate_tiles":7,"minecraft:string":1,"minecraft:bread":171,"minecraft:iron_pickaxe":519,"minecraft:gravel":5,"minecraft:cobblestone":80,"minecraft:bucket":22},"minecraft:picked_up":{"minecraft:fishing_rod":1,"minecraft:crafting_table":7,"born_in_chaos_v1:diamond_termite_shard":3,"byg:soapstone":3,"born_in_chaos_v1:river_mint":5,"minecraft:ladder":12,"byg:tall_pink_allium":3,"minecraft:diamond_horse_armor":1,"tombstone:grave_key":2,"minecraft:polished_deepslate_wall":1,"minecraft:cornflower":1,"minecraft:polished_deepslate":2,"minecraft:string":29,"minecraft:red_bed":2,"minecraft:raw_copper":3,"minecraft:iron_axe":1,"born_in_chaos_v1:intoxicating_decoction":2,"midnight_madness:dark_soul":3,"graveyard:corruption":32,"alexsmobs:emu_feather":2,"minecraft:deepslate_tiles":23,"minecraft:candle":3,"minecraft:cobbled_deepslate":31,"byg:pink_allium_flower_bush":2,"minecraft:observer":2,"minecraft:spruce_trapdoor":10,"byg:golden_spined_cactus":1,"minecraft:furnace":2,"minecraft:stick":2,"minecraft:raw_iron":30,"minecraft:oak_fence":10,"minecraft:torch":12,"minecraft:spruce_fence":1,"tombstone:grave_dust":10,"minecraft:pointed_dripstone":9,"born_in_chaos_v1:nightmare_claw":1,"born_in_chaos_v1:pieceofdarkmetal":1,"minecraft:carrot":1,"minecraft:redstone":1,"minecraft:iron_horse_armor":1,"minecraft:arrow":2,"minecraft:rotten_flesh":36,"alexsmobs:emu_egg":1,"born_in_chaos_v1:dark_ritual_dagger":1,"minecraft:iron_bars":5,"minecraft:cod":1,"byg:rocky_stone":12,"minecraft:cobblestone":268,"minecraft:cracked_deepslate_tiles":12,"born_in_chaos_v1:corpse_maggot":28,"minecraft:feather":1,"minecraft:oxidized_copper":1,"born_in_chaos_v1:monster_flesh":7,"minecraft:golden_carrot":9,"minecraft:glow_ink_sac":1,"minecraft:potato":1,"minecraft:birch_planks":10,"minecraft:flint":1,"minecraft:tuff":1,"minecraft:oak_log":46,"minecraft:blue_bed":1,"minecraft:lapis_lazuli":35,"minecraft:dirt":1314,"born_in_chaos_v1:monster_skin":4,"born_in_chaos_v1:marigolds":5,"minecraft:bone":6,"minecraft:wheat_seeds":25,"minecraft:deepslate_brick_slab":7,"minecraft:raw_gold":23,"alexsmobs:cockroach_wing_fragment":1,"minecraft:bell":1,"minecraft:cobweb":1,"minecraft:stripped_oak_wood":9,"minecraft:oak_planks":37,"minecraft:iron_sword":3,"minecraft:book":71,"minecraft:oak_slab":18,"graveyard:pedestal":1,"graveyard:bone_dagger":2,"born_in_chaos_v1:ethereal_spirit":1,"minecraft:dandelion":1,"minecraft:dripstone_block":12,"minecraft:gravel":6,"minecraft:stripped_spruce_log":2,"minecraft:loom":3,"minecraft:grass_block":4,"minecraft:diamond":2,"born_in_chaos_v1:fire_dust":1,"byg:tall_allium":1,"byg:palo_verde_log":33,"minecraft:granite":8,"minecraft:golden_apple":1,"minecraft:bread":121,"minecraft:emerald":2,"alexsmobs:maggot":1,"tombstone:magic_scroll":1,"born_in_chaos_v1:rotten_fish":3,"minecraft:coal":57}},"DataVersion":2975}