{"stats":{"minecraft:used":{"minecraft:torch":50,"minecraft:lily_of_the_valley":1,"minecraft:crafting_table":3,"justhammers:iron_hammer":32,"minecraft:bread":48,"minecraft:iron_pickaxe":157,"byg:soapstone":16,"minecraft:wooden_sword":37,"simplyswords:iron_scythe":114,"minecraft:furnace":1,"tombstone:gift":1,"minecraft:cobbled_deepslate":11},"minecraft:killed":{"minecraft:wolf":1,"born_in_chaos_v1:restless_spirit":1,"born_in_chaos_v1:baby_skeleton":2,"born_in_chaos_v1:swarmer":1,"born_in_chaos_v1:wither_scuttler":1,"minecraft:spider":4,"born_in_chaos_v1:zombie_bruiser":1,"born_in_chaos_v1:maggot":2,"born_in_chaos_v1:decrepit_skeleton":2,"midnight_madness:dark_wolf":3,"minecraft:sheep":4,"minecraft:skeleton":5,"born_in_chaos_v1:bloody_gadfly":1,"minecraft:zombie":7,"born_in_chaos_v1:dread_hound":1,"born_in_chaos_v1:corpse_fly":7,"minecraft:cow":4},"minecraft:custom":{"minecraft:interact_with_furnace":6,"minecraft:mob_kills":49,"minecraft:interact_with_crafting_table":7,"minecraft:damage_dealt_resisted":494,"minecraft:leave_game":1,"minecraft:time_since_death":93914,"minecraft:time_since_rest":93914,"minecraft:waystone_activated":4,"minecraft:sprint_one_cm":256900,"minecraft:damage_taken":1980,"minecraft:walk_one_cm":312437,"minecraft:drop":5,"minecraft:damage_dealt":7616,"minecraft:swim_one_cm":5801,"minecraft:fly_one_cm":251762,"minecraft:open_chest":10,"minecraft:crouch_one_cm":3347,"minecraft:play_time":93914,"tombstone:undead_killed":18,"minecraft:sneak_time":960,"minecraft:walk_under_water_one_cm":301,"minecraft:jump":1756,"minecraft:walk_on_water_one_cm":8669,"minecraft:total_world_time":93914,"minecraft:fall_one_cm":38513},"minecraft:picked_up":{"born_in_chaos_v1:corpse_maggot":11,"byg:soapstone":17,"born_in_chaos_v1:monster_flesh":1,"minecraft:andesite":2,"minecraft:golden_pickaxe":1,"minecraft:leather":4,"byg:tall_pink_allium":57,"minecraft:enchanted_book":1,"minecraft:flint":3,"minecraft:tuff":8,"minecraft:oak_log":1,"minecraft:chain":1,"minecraft:lapis_lazuli":71,"minecraft:string":4,"minecraft:raw_copper":54,"minecraft:bone":31,"midnight_madness:dark_soul":3,"minecraft:bow":2,"minecraft:wheat_seeds":4,"minecraft:cobbled_deepslate":124,"minecraft:raw_gold":8,"byg:allium_flower_bush":27,"minecraft:beef":7,"byg:pink_allium_flower_bush":88,"minecraft:iron_ingot":1,"midnight_madness:dark_wolf_skin":3,"midnight_madness:soul":2,"minecraft:stick":1,"minecraft:raw_iron":25,"born_in_chaos_v1:shattered_skull":1,"minecraft:torch":10,"born_in_chaos_v1:ethereal_spirit":2,"justhammers:iron_hammer":3,"tombstone:grave_dust":3,"minecraft:diorite":2,"minecraft:lily_of_the_valley":1,"minecraft:redstone":35,"minecraft:spider_eye":1,"minecraft:rotten_flesh":9,"minecraft:arrow":5,"simplyswords:iron_scythe":1,"minecraft:diamond":2,"byg:tall_allium":91,"byg:fir_log":31,"minecraft:gray_wool":1,"minecraft:bread":74,"alexsmobs:maggot":1,"tombstone:magic_scroll":2,"minecraft:mutton":6,"minecraft:coal":57,"minecraft:white_wool":4,"minecraft:cobblestone":9},"minecraft:dropped":{"minecraft:bread":2,"byg:tall_allium":1,"minecraft:coal":7,"born_in_chaos_v1:monster_flesh":1},"minecraft:mined":{"minecraft:deepslate_redstone_ore":3,"minecraft:tuff":2,"minecraft:deepslate_diamond_ore":2,"minecraft:lily_of_the_valley":2,"minecraft:torch":3,"byg:pink_allium_flower_bush":106,"minecraft:glow_lichen":1,"minecraft:copper_ore":14,"minecraft:lapis_ore":8,"minecraft:deepslate_gold_ore":9,"minecraft:diorite":3,"byg:soapstone":2,"minecraft:iron_ore":9,"byg:allium_flower_bush":32,"minecraft:grass":16,"minecraft:coal_ore":58,"minecraft:deepslate_iron_ore":10,"byg:tall_pink_allium":71,"byg:fir_log":19,"minecraft:stone":15,"byg:tall_allium":115,"minecraft:deepslate":14},"minecraft:crafted":{"minecraft:wooden_sword":1,"minecraft:crafting_table":3,"minecraft:furnace":1,"minecraft:air":0,"minecraft:stick":112,"minecraft:iron_ingot":10,"minecraft:wooden_axe":1,"byg:fir_planks":124,"minecraft:torch":120}},"DataVersion":2975}