{"stats":{"minecraft:killed_by":{"minecraft:player":1},"minecraft:used":{"simplyswords:iron_cutlass":49,"minecraft:iron_shovel":261,"minecraft:polished_deepslate":1,"minecraft:iron_sword":69,"minecraft:bell":2,"minecraft:iron_chestplate":1,"minecraft:torch":2,"minecraft:dirt":161,"minecraft:carrot":7,"minecraft:cracked_deepslate_tiles":2,"securitycraft:cobbled_deepslate_mine":3,"minecraft:obsidian":3,"minecraft:iron_axe":80,"born_in_chaos_v1:fel_lamp":1,"minecraft:oxidized_copper":2,"tombstone:gift":4,"minecraft:cobbled_deepslate":21,"minecraft:iron_leggings":1,"minecraft:water_bucket":36,"minecraft:stone_pickaxe":45,"minecraft:oak_planks":81,"minecraft:ender_pearl":1,"securitycraft:cobblestone_mine":7,"minecraft:sand":1,"minecraft:crafting_table":2,"byg:tall_pink_allium":1,"minecraft:dripstone_block":3,"minecraft:deepslate_tiles":2,"minecraft:oak_log":11,"minecraft:bread":163,"byg:tall_allium":1,"minecraft:iron_pickaxe":132,"minecraft:lectern":1,"tombstone:magic_scroll":9,"minecraft:fishing_rod":35,"minecraft:cobblestone":66,"minecraft:bucket":37,"alexsmobs:animal_dictionary":1},"minecraft:killed":{"graveyard:wraith":4,"minecraft:phantom":1,"born_in_chaos_v1:scarlet_persecutor":1,"born_in_chaos_v1:maggot":3,"graveyard:acolyte":2,"born_in_chaos_v1:barrel_zombie":1,"born_in_chaos_v1:diamond_termite":2,"midnight_madness:dark_wolf":1,"minecraft:sheep":3,"minecraft:zombie":4,"born_in_chaos_v1:dread_hound":1,"minecraft:cow":1},"minecraft:custom":{"minecraft:mob_kills":26,"minecraft:interact_with_crafting_table":9,"minecraft:open_barrel":14,"minecraft:bell_ring":35,"minecraft:damage_dealt_resisted":12,"minecraft:leave_game":2,"minecraft:time_since_death":11175,"minecraft:climb_one_cm":1524,"minecraft:sprint_one_cm":372127,"minecraft:walk_one_cm":500504,"minecraft:drop":307,"minecraft:play_time":167290,"minecraft:deaths":2,"minecraft:sneak_time":12135,"minecraft:walk_under_water_one_cm":23097,"minecraft:jump":3902,"minecraft:walk_on_water_one_cm":19847,"minecraft:total_world_time":167290,"tombstone:raider_killed":1,"minecraft:tune_noteblock":1,"minecraft:time_since_rest":11213,"minecraft:waystone_activated":4,"minecraft:damage_taken":9207,"minecraft:damage_dealt":6558,"minecraft:swim_one_cm":1678,"minecraft:fly_one_cm":628404,"minecraft:open_chest":23,"minecraft:crouch_one_cm":38010,"tombstone:undead_killed":10,"minecraft:fall_one_cm":111746},"minecraft:picked_up":{"minecraft:iron_chestplate":1,"born_in_chaos_v1:diamond_termite_shard":1,"minecraft:crafting_table":3,"born_in_chaos_v1:river_mint":4,"born_in_chaos_v1:seedof_chaos":8,"graveyard:dark_iron_ingot":1,"byg:tall_pink_allium":2,"minecraft:enchanted_book":4,"tombstone:grave_key":1,"minecraft:chain":2,"minecraft:shield":1,"minecraft:polished_deepslate":1,"minecraft:string":16,"minecraft:iron_axe":1,"minecraft:iron_shovel":2,"graveyard:corruption":23,"minecraft:deepslate_tiles":7,"minecraft:cobbled_deepslate":24,"born_in_chaos_v1:empty_fel_lamp":1,"byg:pink_allium_flower_bush":1,"dynamictrees:oak_seed":7,"minecraft:iron_pickaxe":1,"minecraft:light_gray_wool":1,"minecraft:lectern":1,"minecraft:iron_boots":1,"minecraft:stick":24,"minecraft:oak_fence":1,"minecraft:torch":3,"minecraft:carrot":8,"minecraft:iron_horse_armor":2,"born_in_chaos_v1:fried_maggot":2,"minecraft:arrow":2,"minecraft:rotten_flesh":15,"born_in_chaos_v1:spiny_shell":7,"artifacts:panic_necklace":1,"blue_skies:moonstone_shard":5,"minecraft:white_wool":2,"minecraft:cobblestone":101,"minecraft:cracked_deepslate_tiles":2,"born_in_chaos_v1:corpse_maggot":14,"born_in_chaos_v1:monster_flesh":3,"minecraft:andesite":5,"minecraft:flint":5,"minecraft:oak_log":31,"minecraft:gunpowder":3,"minecraft:dirt":179,"minecraft:blue_bed":2,"born_in_chaos_v1:monster_skin":1,"minecraft:bone":4,"securitycraft:cobblestone_mine":4,"minecraft:wheat_seeds":2,"minecraft:deepslate_brick_slab":8,"minecraft:bell":4,"minecraft:stone_pickaxe":1,"minecraft:iron_sword":1,"minecraft:oak_planks":3,"midnight_madness:dark_wolf_skin":8,"minecraft:birch_boat":1,"graveyard:bone_dagger":2,"born_in_chaos_v1:ethereal_spirit":1,"minecraft:dripstone_block":3,"minecraft:gravel":2,"minecraft:sand":6,"minecraft:amethyst_shard":13,"alexsmobs:animal_dictionary":1,"minecraft:bundle":1,"minecraft:slime_ball":3,"minecraft:diamond":6,"byg:tall_allium":4,"minecraft:granite":8,"minecraft:bread":33,"tombstone:magic_scroll":1},"minecraft:dropped":{"minecraft:enchanted_book":1,"minecraft:bread":139,"minecraft:wheat_seeds":2,"minecraft:golden_helmet":1,"born_in_chaos_v1:fried_maggot":2,"minecraft:diamond":25,"minecraft:cobblestone":2,"minecraft:iron_horse_armor":2,"graveyard:bone_dagger":1,"graveyard:corruption":23,"minecraft:stick":10,"minecraft:flint":8,"born_in_chaos_v1:monster_flesh":3,"minecraft:dirt":19,"byg:pink_allium_flower_bush":1,"born_in_chaos_v1:river_mint":2,"minecraft:brewing_stand":1,"minecraft:torch":1,"born_in_chaos_v1:monster_skin":1,"tombstone:grave_key":1,"tombstone:grave_dust":1,"minecraft:chain":2,"minecraft:sand":5,"minecraft:iron_shovel":1,"minecraft:paper":5,"minecraft:string":1,"minecraft:blue_bed":1,"minecraft:gravel":2,"minecraft:compass":1,"dynamictrees:oak_seed":7,"alexsmobs:animal_dictionary":2,"midnight_madness:dark_wolf_skin":5,"born_in_chaos_v1:ethereal_spirit":1,"graveyard:dark_iron_ingot":1,"minecraft:deepslate_brick_slab":8,"minecraft:rotten_flesh":15,"byg:tall_allium":3,"minecraft:light_gray_wool":1,"minecraft:oak_planks":2,"minecraft:iron_boots":1,"minecraft:carrot":1,"minecraft:deepslate_tiles":5,"minecraft:shield":1,"born_in_chaos_v1:seedof_chaos":8,"minecraft:iron_chestplate":1,"born_in_chaos_v1:spiny_shell":7,"born_in_chaos_v1:corpse_maggot":11,"born_in_chaos_v1:diamond_termite_shard":1,"minecraft:slime_ball":2,"byg:tall_pink_allium":1,"minecraft:bell":1},"minecraft:mined":{"minecraft:deepslate_tiles":1,"byg:pink_allium_flower_bush":1,"minecraft:grass_block":155,"minecraft:spawner":1,"byg:red_oak_leaves":1,"minecraft:cobbled_deepslate":2,"minecraft:fire":4,"minecraft:andesite":5,"minecraft:bell":3,"securitycraft:cobblestone_mine":4,"minecraft:stone":100,"minecraft:crafting_table":2,"minecraft:torch":1,"minecraft:lectern":1,"minecraft:tall_grass":3,"minecraft:cobblestone":4,"minecraft:oak_planks":3,"minecraft:blue_bed":1,"minecraft:wall_torch":1,"minecraft:grass":17,"minecraft:oak_log":23,"minecraft:gravel":3,"minecraft:dripstone_block":2,"minecraft:dirt":108,"byg:tall_pink_allium":1,"minecraft:cobweb":1,"byg:tall_allium":1,"minecraft:deepslate":34},"minecraft:broken":{"minecraft:iron_shovel":1,"minecraft:iron_boots":1,"minecraft:iron_leggings":1,"minecraft:stone_pickaxe":1,"minecraft:iron_sword":1,"minecraft:iron_helmet":1},"minecraft:crafted":{"securitycraft:mine":6,"minecraft:oak_planks":80,"minecraft:fishing_rod":1,"securitycraft:cobbled_deepslate_mine":3,"minecraft:bucket":1,"securitycraft:cobblestone_mine":3}},"DataVersion":2975}