{"stats":{"minecraft:killed":{"born_in_chaos_v1:zombie_clown":1,"minecraft:cave_spider":1,"minecraft:witch":1,"born_in_chaos_v1:restless_spirit":1,"born_in_chaos_v1:skeleton_demoman":1,"born_in_chaos_v1:pumpkin_spirit":1,"minecraft:spider":16,"graveyard:wraith":1,"born_in_chaos_v1:baby_skeleton_minion":4,"minecraft:skeleton":13,"born_in_chaos_v1:baby_skeleton_2":1,"born_in_chaos_v1:supreme_bonescaller_stage_2":1,"artifacts:mimic":1,"born_in_chaos_v1:diamond_termite":2,"born_in_chaos_v1:wither_scuttler":6,"minecraft:iron_golem":1,"minecraft:creeper":5,"minecraft:zombie":30,"born_in_chaos_v1:corpse_fly":6,"minecraft:stray":7,"alexsmobs:fly":1,"born_in_chaos_v1:door_knight":1,"graveyard:revenant":1,"born_in_chaos_v1:maggot":1,"born_in_chaos_v1:barrel_zombie":1,"graveyard:ghoul":1,"born_in_chaos_v1:bone_imp_minion":12,"born_in_chaos_v1:baby_skeleton":5,"born_in_chaos_v1:decrepit_skeleton":9,"midnight_madness:dark_wolf":5,"alexsmobs:emu":1,"alexsmobs:crocodile":1,"born_in_chaos_v1:bonescaller_not_despawn":2,"born_in_chaos_v1:nightmare_stalker":1},"minecraft:mined":{"midnight_madness:deepslate_demonic_ore":1,"minecraft:granite":14,"minecraft:grass_block":28,"minecraft:deepslate_bricks":1,"minecraft:spawner":4,"byg:red_oak_leaves":5,"minecraft:mossy_cobblestone_slab":2,"minecraft:cobbled_deepslate":34,"minecraft:iron_ore":14,"minecraft:fire":1,"minecraft:barrel":1,"blue_skies:lunar_stonebrick":8,"blue_skies:spider_webbing":1,"minecraft:torch":6,"minecraft:chest":3,"minecraft:dead_bush":1,"minecraft:cobblestone":11,"minecraft:damaged_anvil":1,"minecraft:wall_torch":2,"minecraft:chain":2,"byg:soapstone":15,"minecraft:grass":12,"minecraft:dirt":16,"minecraft:deepslate":4,"minecraft:deepslate_tiles":1,"minecraft:mossy_cobblestone":1,"minecraft:deepslate_diamond_ore":3,"minecraft:dark_oak_log":1,"born_in_chaos_v1:infected_diamond_ore":1,"byg:pink_allium_flower_bush":61,"minecraft:hay_block":1,"dynamictrees:oak_leaves":7,"minecraft:furnace":1,"minecraft:carrots":16,"byg:fir_planks":2,"minecraft:andesite":6,"byg:allium_flower_bush":18,"minecraft:potatoes":2,"minecraft:lantern":1,"minecraft:stone":136,"byg:white_puffball":1,"minecraft:lily_of_the_valley":2,"minecraft:crafting_table":4,"minecraft:diorite":2,"minecraft:coal_ore":2,"minecraft:gravel":15,"byg:tall_pink_allium":28,"minecraft:cobweb":11,"byg:fir_log":18,"byg:tall_allium":41,"minecraft:fern":1},"minecraft:custom":{"minecraft:interact_with_crafting_table":34,"minecraft:open_barrel":10,"minecraft:leave_game":8,"minecraft:time_since_death":43467,"minecraft:sprint_one_cm":371658,"minecraft:damage_blocked_by_shield":40,"minecraft:drop":102,"minecraft:play_time":456765,"minecraft:deaths":4,"minecraft:jump":4207,"minecraft:interact_with_brewingstand":1,"minecraft:walk_on_water_one_cm":14352,"minecraft:interact_with_furnace":4,"minecraft:sleep_in_bed":6,"minecraft:waystone_activated":8,"minecraft:damage_dealt":107972,"minecraft:player_kills":1,"minecraft:crouch_one_cm":41141,"tombstone:undead_killed":91,"minecraft:mob_kills":147,"minecraft:damage_dealt_resisted":1689,"minecraft:climb_one_cm":1998,"minecraft:walk_one_cm":786829,"minecraft:damage_dealt_absorbed":80,"minecraft:sneak_time":13369,"minecraft:walk_under_water_one_cm":12112,"minecraft:total_world_time":456765,"tombstone:raider_killed":1,"minecraft:time_since_rest":45581,"minecraft:damage_taken":7736,"tombstone:cast_on_ally":1,"minecraft:swim_one_cm":5944,"minecraft:fly_one_cm":1561388,"minecraft:open_chest":123,"minecraft:fall_one_cm":131743},"minecraft:broken":{"minecraft:iron_sword":1,"justhammers:iron_hammer":1},"minecraft:dropped":{"minecraft:diamond_axe":1,"minecraft:golden_pickaxe":1,"minecraft:diamond":3,"minecraft:dark_oak_slab":1,"byg:allium_flower_bush":3,"born_in_chaos_v1:dark_ritual_dagger":1,"byg:white_puffball_spores":3,"born_in_chaos_v1:monster_flesh":8,"minecraft:dirt":9,"born_in_chaos_v1:monster_skin":1,"born_in_chaos_v1:fel_lamp":2,"twilightforest:giant_cobblestone":1,"minecraft:bone":25,"minecraft:gravel":19,"minecraft:cobbled_deepslate":621,"simplyswords:iron_twinblade":1,"tombstone:gift":1,"minecraft:oak_planks":24,"justhammers:iron_hammer":3,"securitycraft:sentry":1,"minecraft:poppy":1,"artifacts:umbrella":1,"born_in_chaos_v1:corpse_maggot":3,"artifacts:panic_necklace":1,"securitycraft:camera_monitor":1,"byg:mossy_stone":1,"born_in_chaos_v1:skullbreaker_hammer":1,"minecraft:wheat_seeds":1,"simplyswords:iron_chakram":1,"minecraft:mossy_cobblestone":1,"minecraft:dripstone_block":12,"securitycraft:security_camera":1,"minecraft:iron_helmet":1,"minecraft:cobblestone":236,"born_in_chaos_v1:orbofthe_summoner":1,"minecraft:granite":50,"born_in_chaos_v1:gnawed_bones":1,"byg:pink_allium_flower_bush":16,"minecraft:diorite":39,"minecraft:torch":6,"byg:soapstone":61,"minecraft:iron_leggings":1,"minecraft:iron_axe":1,"born_in_chaos_v1:staffof_magic_arrows":1,"minecraft:iron_shovel":1,"artifacts:bunny_hoppers":2,"minecraft:tuff":198,"minecraft:experience_bottle":8,"securitycraft:keypad_door_item":3,"byg:tall_allium":8,"minecraft:iron_boots":1,"byg:overgrown_dacite":1,"securitycraft:universal_block_remover":1,"simplyswords:iron_scythe":2,"simplyswords:storms_edge":1,"minecraft:iron_chestplate":2,"minecraft:diamond_pickaxe":3,"minecraft:andesite":17,"minecraft:barrel":1,"minecraft:spider_eye":2,"byg:tall_pink_allium":3,"minecraft:bow":2,"securitycraft:universal_block_reinforcer_lvl1":2},"minecraft:killed_by":{"born_in_chaos_v1:zombie_bruiser":2},"minecraft:crafted":{"minecraft:oak_planks":260,"minecraft:diamond_shovel":1,"born_in_chaos_v1:dark_ritual_dagger":1,"minecraft:diamond_leggings":1,"tombstone:grave_key":2,"minecraft:chest":4,"byg:fir_planks":24,"minecraft:crafting_table":3,"minecraft:diamond_axe":1,"minecraft:iron_helmet":2,"minecraft:birch_planks":20,"simplyswords:iron_scythe":1,"simplyswords:diamond_katana":1,"minecraft:diamond_pickaxe":2,"sophisticatedbackpacks:diamond_backpack":1,"minecraft:stick":16,"minecraft:iron_ingot":8,"simplyswords:iron_twinblade":1,"minecraft:furnace":1,"born_in_chaos_v1:bone_handle":1,"minecraft:dark_oak_planks":4,"sophisticatedbackpacks:gold_backpack":1,"minecraft:air":0,"justhammers:iron_hammer":2,"minecraft:torch":52,"minecraft:diamond_chestplate":1},"minecraft:used":{"alexsmobs:emu_egg":1,"minecraft:red_sand":9,"minecraft:iron_shovel":25,"minecraft:poppy":9,"minecraft:oak_sign":2,"minecraft:chest":20,"minecraft:shield":3,"minecraft:iron_sword":248,"securitycraft:security_camera":1,"minecraft:rotten_flesh":1,"minecraft:iron_chestplate":1,"simplyswords:diamond_twinblade":6,"securitycraft:keypad_item":2,"minecraft:carrot":29,"securitycraft:reinforced_cobblestone_wall":13,"minecraft:tuff":4,"artifacts:mimic_spawn_egg":1,"minecraft:lava_bucket":1,"minecraft:grass_block":191,"minecraft:iron_helmet":2,"minecraft:mossy_cobblestone_slab":22,"simplyswords:iron_scythe":2,"minecraft:bow":1,"minecraft:hay_block":1,"born_in_chaos_v1:fel_lamp":1,"minecraft:furnace":1,"born_in_chaos_v1:nightmare_mantleofthe_night_boots":1,"securitycraft:reinforced_grass_path":82,"securitycraft:reinforced_stone_brick_slab":76,"minecraft:ender_pearl":1,"securitycraft:reinforced_mossy_cobblestone":35,"minecraft:diamond_axe":5,"securitycraft:reinforced_glass_pane":44,"simplyswords:iron_chakram":1,"mca:female_villager_spawn_egg":2,"blue_skies:ventium_water_bucket":1,"byg:boric_lantern":1,"simplyswords:iron_greathammer":1,"securitycraft:reinforced_glowstone":210,"minecraft:deepslate_tiles":2,"securitycraft:reinforced_grass_block":52,"minecraft:bread":147,"tombstone:grave_key":1,"minecraft:gravel":3,"minecraft:mossy_cobblestone_wall":12,"minecraft:experience_bottle":7,"waystones:sandy_waystone":7,"minecraft:flint_and_steel":1,"minecraft:torch":356,"minecraft:dirt":393,"simplyswords:storms_edge":109,"minecraft:cobblestone_wall":16,"born_in_chaos_v1:supreme_measure":2,"born_in_chaos_v1:nightmare_mantleofthe_night_helmet":1,"minecraft:iron_axe":32,"born_in_chaos_v1:spawn_structures_clown_cart":2,"minecraft:iron_boots":1,"born_in_chaos_v1:spawn_structures_dark_tower":1,"born_in_chaos_v1:spawn_structures_firewell":1,"minecraft:barrel":2,"securitycraft:sentry":3,"minecraft:diamond_chestplate":1,"tombstone:gift":6,"minecraft:cobbled_deepslate":1399,"minecraft:iron_leggings":1,"byg:dacite":2,"mca:male_villager_spawn_egg":1,"minecraft:water_bucket":65,"simplyswords:diamond_katana":9,"byg:rocky_stone":13,"justhammers:diamond_impact_hammer":4,"minecraft:deepslate_bricks":1,"minecraft:mossy_cobblestone":76,"minecraft:terracotta":2,"byg:red_oak_leaves":60,"minecraft:crafting_table":5,"justhammers:diamond_hammer":670,"simplyswords:iron_twinblade":168,"minecraft:white_bed":5,"minecraft:campfire":6,"justhammers:iron_hammer":280,"minecraft:oak_log":9,"minecraft:diamond_pickaxe":57,"byg:fir_planks":2,"minecraft:diamond_shovel":95,"twilightforest:firefly":6,"minecraft:iron_pickaxe":212,"born_in_chaos_v1:magical_holiday_candy":1,"minecraft:cobblestone":36,"born_in_chaos_v1:spawn_structures_farm":1,"minecraft:bucket":1,"minecraft:dandelion":10,"minecraft:diamond_leggings":1},"minecraft:picked_up":{"minecraft:iron_chestplate":1,"minecraft:smithing_table":1,"minecraft:golden_shovel":1,"minecraft:string":54,"minecraft:raw_copper":36,"midnight_madness:dark_essence":1,"minecraft:deepslate_tiles":2,"alexsmobs:emu_feather":4,"minecraft:red_sand":5,"minecraft:cobbled_deepslate":2326,"dynamictrees:oak_seed":5,"midnight_madness:soul":2,"minecraft:furnace":2,"minecraft:tipped_arrow":4,"minecraft:stick":34,"born_in_chaos_v1:shattered_skull":2,"minecraft:torch":1121,"minecraft:pointed_dripstone":6,"tombstone:grave_dust":10,"minecraft:diorite":39,"born_in_chaos_v1:nightmare_claw":2,"minecraft:rotten_flesh":57,"minecraft:carved_pumpkin":1,"alexsmobs:emu_egg":3,"minecraft:snowball":9,"minecraft:cobblestone":450,"minecraft:birch_log":5,"born_in_chaos_v1:staffof_magic_arrows":1,"minecraft:mossy_cobblestone_slab":1,"minecraft:feather":1,"minecraft:water_bucket":8,"minecraft:andesite":17,"minecraft:potato":8,"minecraft:flint":6,"byg:white_puffball_cap":1,"minecraft:tuff":279,"minecraft:lapis_lazuli":65,"minecraft:dirt":44,"minecraft:lantern":1,"securitycraft:sentry":3,"born_in_chaos_v1:monster_skin":10,"midnight_madness:necronomicon_page_other_rituals_page_1":1,"minecraft:bone":58,"minecraft:bow":3,"minecraft:wheat_seeds":1,"minecraft:raw_gold":50,"born_in_chaos_v1:skullbreaker_hammer":1,"minecraft:oak_planks":1,"minecraft:lily_of_the_valley":1,"alexsmobs:animal_dictionary":1,"minecraft:dark_oak_log":1,"minecraft:barrel":1,"minecraft:mossy_cobblestone":1,"minecraft:diamond":6,"minecraft:deepslate":1,"waystones:waystone":1,"minecraft:granite":52,"minecraft:bread":5228,"minecraft:diamond_pickaxe":2,"born_in_chaos_v1:diamond_termite_shard":1,"minecraft:crafting_table":4,"byg:soapstone":61,"born_in_chaos_v1:seedof_chaos":2,"byg:tall_pink_allium":24,"minecraft:chain":1,"minecraft:shield":8,"born_in_chaos_v1:intoxicating_decoction":1,"minecraft:iron_shovel":1,"midnight_madness:dark_soul":2,"graveyard:corruption":1,"byg:pink_allium_flower_bush":80,"born_in_chaos_v1:gnawed_bones":2,"minecraft:poppy":3,"minecraft:chest":3,"minecraft:raw_iron":55,"securitycraft:reinforced_cobblestone":1,"born_in_chaos_v1:pieceofdarkmetal":5,"minecraft:carrot":62,"minecraft:redstone":26,"byg:fir_planks":1,"byg:biomepedia":1,"minecraft:arrow":39,"minecraft:deepslate_bricks":1,"minecraft:hay_block":2,"byg:fir_log":6,"blue_skies:moonstone_shard":1,"byg:white_puffball_spores":3,"born_in_chaos_v1:corpse_maggot":5,"born_in_chaos_v1:monster_flesh":10,"minecraft:glow_ink_sac":2,"minecraft:leather":6,"blue_skies:moonstone":1,"minecraft:oak_log":8,"minecraft:gunpowder":5,"minecraft:paper":4,"securitycraft:reinforced_red_sand":1,"byg:overgrown_dacite":1,"minecraft:apple":1,"byg:red_oak_sapling":1,"byg:allium_flower_bush":22,"minecraft:iron_ingot":6,"blue_skies:lunar_stonebrick":11,"artifacts:whoopee_cushion":8,"dynamictrees:birch_seed":1,"securitycraft:universal_block_reinforcer_lvl1":1,"born_in_chaos_v1:fel_lamp":1,"midnight_madness:dark_wolf_skin":6,"minecraft:dark_oak_slab":1,"born_in_chaos_v1:orbofthe_summoner":1,"born_in_chaos_v1:ethereal_spirit":2,"minecraft:dandelion":3,"minecraft:raw_iron_block":1,"minecraft:dripstone_block":12,"minecraft:gravel":22,"midnight_madness:horror_clot":1,"minecraft:white_bed":26,"minecraft:spider_eye":15,"byg:tall_allium":43,"minecraft:iron_helmet":1,"minecraft:terracotta":2,"tombstone:magic_scroll":2,"minecraft:damaged_anvil":1,"minecraft:coal":51,"minecraft:ender_pearl":1}},"DataVersion":2975}