{"stats":{"minecraft:killed_by":{"minecraft:zombie":1},"minecraft:used":{"born_in_chaos_v1:dark_ritual_dagger":256,"minecraft:red_sand":2,"minecraft:iron_shovel":73,"minecraft:shield":10,"minecraft:iron_sword":159,"born_in_chaos_v1:fried_maggot":3,"minecraft:rotten_flesh":9,"minecraft:iron_chestplate":1,"minecraft:torch":27,"minecraft:dirt":47,"born_in_chaos_v1:corpse_maggot":2,"minecraft:iron_axe":42,"minecraft:grass_block":43,"born_in_chaos_v1:spiny_shell_armor_chestplate":1,"minecraft:iron_helmet":1,"minecraft:iron_boots":1,"born_in_chaos_v1:fel_lamp":15,"minecraft:gray_bed":1,"tombstone:gift":6,"minecraft:cooked_beef":5,"minecraft:cobbled_deepslate":3,"minecraft:iron_leggings":1,"minecraft:birch_planks":6,"byg:rocky_stone":3,"minecraft:golden_apple":1,"minecraft:tnt":4,"minecraft:deepslate_tiles":33,"minecraft:bread":175,"alexsmobs:kangaroo_meat":5,"minecraft:iron_pickaxe":165,"minecraft:cobblestone":20,"born_in_chaos_v1:rotten_fish":1,"minecraft:cooked_porkchop":2,"minecraft:chain":1},"minecraft:killed":{"minecraft:vex":1,"alexsmobs:lobster":1,"graveyard:skeleton_creeper":1,"midnight_madness:fiend":2,"graveyard:corrupted_vindicator":5,"born_in_chaos_v1:zombie_clown_not_despawn":1,"minecraft:spider":5,"graveyard:wraith":3,"born_in_chaos_v1:thornshell_crab":4,"alexsmobs:rattlesnake":1,"born_in_chaos_v1:scarlet_persecutor":3,"alexsmobs:froststalker":1,"born_in_chaos_v1:baby_skeleton_minion":1,"born_in_chaos_v1:maggot":7,"minecraft:skeleton":2,"graveyard:acolyte":15,"born_in_chaos_v1:corpse_fish":4,"alexsmobs:kangaroo":3,"born_in_chaos_v1:barrel_zombie":1,"born_in_chaos_v1:fallen_chaos_knight":1,"minecraft:husk":2,"graveyard:ghoul":1,"alexsmobs:grizzly_bear":2,"born_in_chaos_v1:bone_imp_minion":4,"born_in_chaos_v1:diamond_termite":3,"born_in_chaos_v1:wither_scuttler":2,"minecraft:creeper":1,"born_in_chaos_v1:decrepit_skeleton":4,"alexsmobs:emu":1,"born_in_chaos_v1:phantom_creeper_copy":1,"born_in_chaos_v1:zombie_fisherman":1,"minecraft:zombie":20,"alexsmobs:cockroach":1,"born_in_chaos_v1:dread_hound":3,"born_in_chaos_v1:corpse_fly":16,"minecraft:stray":8,"alexsmobs:fly":1,"minecraft:glow_squid":1,"minecraft:cow":2},"minecraft:custom":{"minecraft:interact_with_smithing_table":1,"minecraft:interact_with_anvil":1,"minecraft:mob_kills":152,"minecraft:interact_with_crafting_table":8,"minecraft:open_barrel":27,"minecraft:damage_dealt_resisted":873,"minecraft:leave_game":4,"minecraft:time_since_death":60487,"minecraft:climb_one_cm":7231,"minecraft:sprint_one_cm":513525,"minecraft:walk_one_cm":568383,"minecraft:damage_blocked_by_shield":300,"minecraft:drop":49,"minecraft:damage_dealt_absorbed":40,"minecraft:play_time":252354,"minecraft:sneak_time":6606,"minecraft:deaths":6,"minecraft:walk_under_water_one_cm":30091,"minecraft:interact_with_lectern":1,"minecraft:jump":3038,"minecraft:interact_with_brewingstand":1,"minecraft:interact_with_blast_furnace":1,"minecraft:walk_on_water_one_cm":43384,"minecraft:total_world_time":252354,"minecraft:interact_with_furnace":23,"minecraft:tune_noteblock":1,"minecraft:interact_with_loom":3,"minecraft:sleep_in_bed":2,"minecraft:time_since_rest":60528,"minecraft:waystone_activated":5,"minecraft:damage_taken":12580,"minecraft:damage_absorbed":40,"minecraft:damage_dealt":24220,"minecraft:swim_one_cm":40949,"minecraft:fly_one_cm":499760,"minecraft:open_chest":36,"minecraft:crouch_one_cm":21947,"tombstone:undead_killed":52,"minecraft:fall_one_cm":78374},"minecraft:picked_up":{"minecraft:iron_chestplate":1,"born_in_chaos_v1:diamond_termite_shard":3,"byg:soapstone":1,"minecraft:redstone_block":3,"minecraft:chicken":1,"born_in_chaos_v1:seedof_chaos":4,"minecraft:gold_block":1,"minecraft:enchanted_book":1,"byg:palo_verde_sapling":1,"minecraft:chain":3,"minecraft:brewing_stand":1,"minecraft:shield":1,"minecraft:polished_deepslate":1,"minecraft:music_disc_cat":1,"minecraft:string":25,"minecraft:raw_copper":2,"minecraft:iron_leggings":1,"born_in_chaos_v1:intoxicating_decoction":2,"minecraft:sticky_piston":2,"midnight_madness:dark_soul":5,"graveyard:corruption":15,"minecraft:deepslate_tiles":33,"minecraft:red_sand":2,"minecraft:cobbled_deepslate":3,"minecraft:spruce_planks":3,"minecraft:beef":9,"minecraft:observer":3,"dynamictrees:oak_seed":6,"minecraft:light_gray_wool":1,"midnight_madness:soul":2,"minecraft:sugar_cane":1,"minecraft:piston":1,"minecraft:phantom_membrane":1,"minecraft:iron_boots":1,"minecraft:egg":4,"minecraft:tipped_arrow":1,"minecraft:raw_iron":3,"born_in_chaos_v1:shattered_skull":2,"minecraft:torch":11,"sophisticatedbackpacks:backpack":1,"minecraft:porkchop":2,"minecraft:pointed_dripstone":17,"tombstone:grave_dust":8,"born_in_chaos_v1:pieceofdarkmetal":6,"minecraft:redstone":2,"minecraft:tnt":4,"minecraft:arrow":4,"minecraft:rotten_flesh":32,"alexsmobs:emu_egg":1,"born_in_chaos_v1:spiny_shell":16,"born_in_chaos_v1:dark_ritual_dagger":2,"minecraft:deepslate_brick_stairs":2,"byg:rocky_stone":3,"minecraft:mutton":5,"minecraft:skeleton_skull":1,"minecraft:snowball":16,"alexsmobs:kangaroo_meat":5,"minecraft:white_wool":2,"minecraft:cobblestone":49,"minecraft:cracked_deepslate_tiles":12,"born_in_chaos_v1:corpse_maggot":16,"born_in_chaos_v1:staffof_magic_arrows":1,"minecraft:feather":2,"minecraft:oxidized_copper":4,"born_in_chaos_v1:monster_flesh":3,"minecraft:glow_ink_sac":3,"minecraft:salmon":1,"minecraft:leather":2,"alexsmobs:bear_fur":1,"minecraft:tuff":4,"minecraft:gunpowder":3,"mca:book_romance":1,"minecraft:dirt":64,"tombstone:gift":1,"born_in_chaos_v1:monster_skin":1,"minecraft:bone":39,"minecraft:kelp":3,"minecraft:wheat_seeds":3,"minecraft:deepslate_brick_slab":24,"minecraft:raw_gold":8,"minecraft:cobbled_deepslate_slab":1,"born_in_chaos_v1:fel_lamp":2,"minecraft:gray_bed":2,"byg:maple_log":4,"minecraft:dark_oak_slab":1,"born_in_chaos_v1:orbofthe_summoner":1,"graveyard:bone_dagger":2,"born_in_chaos_v1:ethereal_spirit":4,"minecraft:dandelion":1,"minecraft:poisonous_potato":2,"minecraft:dripstone_block":3,"minecraft:grass_block":43,"minecraft:spider_eye":2,"alexsmobs:kangaroo_hide":3,"minecraft:diamond":9,"waystones:waystone":1,"byg:palo_verde_log":3,"alexsmobs:rattlesnake_rattle":1,"minecraft:gray_wool":1,"minecraft:emerald":2,"minecraft:bread":2,"alexsmobs:maggot":2,"tombstone:magic_scroll":1,"born_in_chaos_v1:rotten_fish":8,"minecraft:coal":17},"minecraft:dropped":{"minecraft:bread":3,"minecraft:iron_sword":1,"minecraft:piston":1,"born_in_chaos_v1:fried_maggot":1,"minecraft:iron_helmet":1,"minecraft:observer":3,"born_in_chaos_v1:empty_fel_lamp":2,"born_in_chaos_v1:dark_ritual_dagger":1,"graveyard:bone_dagger":1,"born_in_chaos_v1:nightmare_claw":1,"minecraft:deepslate_brick_stairs":2,"mca:book_romance":2,"midnight_madness:necronomicon_page_other_rituals_page_1":1,"minecraft:torch":3,"minecraft:cracked_deepslate_tiles":12,"born_in_chaos_v1:fel_lamp":1,"midnight_madness:horror_clot":1,"minecraft:string":26,"minecraft:oxidized_copper":4,"minecraft:polished_deepslate":1,"minecraft:redstone_block":3,"minecraft:sticky_piston":2,"minecraft:tuff":4,"minecraft:pointed_dripstone":5,"graveyard:dark_iron_ingot":1,"minecraft:deepslate_brick_slab":16,"minecraft:rotten_flesh":3,"blue_skies:moonstone_shard":1,"minecraft:carrot":5,"minecraft:gunpowder":1,"born_in_chaos_v1:seedof_chaos":1,"minecraft:iron_chestplate":2,"minecraft:spider_eye":1,"sophisticatedbackpacks:copper_backpack":1},"minecraft:mined":{"minecraft:deepslate_tiles":26,"minecraft:tuff":4,"minecraft:spruce_planks":3,"minecraft:mossy_cobblestone":1,"minecraft:deepslate_diamond_ore":7,"born_in_chaos_v1:infected_diamond_ore":1,"minecraft:cobbled_deepslate_slab":1,"byg:black_ice":5,"minecraft:red_sand":2,"minecraft:grass_block":56,"minecraft:spawner":2,"minecraft:iron_ore":3,"minecraft:fire":4,"minecraft:andesite":3,"minecraft:gold_block":1,"minecraft:pointed_dripstone":6,"minecraft:deepslate_brick_stairs":1,"minecraft:stone":42,"minecraft:tripwire":1,"minecraft:redstone_block":1,"minecraft:observer":1,"minecraft:torch":5,"minecraft:oxidized_copper":1,"minecraft:cobblestone":6,"minecraft:deepslate_gold_ore":8,"minecraft:oak_planks":1,"minecraft:wall_torch":3,"minecraft:skeleton_skull":1,"minecraft:chain":2,"byg:soapstone":1,"minecraft:gray_bed":2,"minecraft:tnt":4,"minecraft:grass":7,"minecraft:cracked_deepslate_tiles":5,"minecraft:coal_ore":17,"byg:palo_verde_log":3,"minecraft:dripstone_block":3,"minecraft:dirt":20,"minecraft:cobweb":12,"minecraft:piston":1,"minecraft:deepslate":11},"minecraft:broken":{"minecraft:iron_boots":2,"minecraft:iron_chestplate":1,"minecraft:iron_leggings":1,"minecraft:iron_helmet":1},"minecraft:crafted":{"born_in_chaos_v1:spiny_shell_armor_chestplate":1,"born_in_chaos_v1:fried_maggot":4,"minecraft:cooked_beef":6,"minecraft:cooked_porkchop":2,"sophisticatedbackpacks:gold_backpack":1,"minecraft:birch_planks":12,"minecraft:air":0,"sophisticatedbackpacks:diamond_backpack":1,"minecraft:stick":20,"byg:maple_planks":16,"minecraft:gold_ingot":12,"minecraft:torch":24}},"DataVersion":2975}