{"stats":{"minecraft:killed":{"minecraft:cave_spider":3,"born_in_chaos_v1:restless_spirit":2,"born_in_chaos_v1:diamond_termite":2,"born_in_chaos_v1:baby_skeleton":1,"born_in_chaos_v1:swarmer":1,"minecraft:spider":6,"minecraft:creeper":1,"born_in_chaos_v1:decrepit_skeleton":1,"born_in_chaos_v1:maggot":2,"minecraft:skeleton":4,"born_in_chaos_v1:dire_hound_leader":1,"minecraft:zombie":8,"born_in_chaos_v1:dread_hound":4,"born_in_chaos_v1:corpse_fly":2,"born_in_chaos_v1:skeleton_thrasher":1,"born_in_chaos_v1:baby_skeleton_2":1,"minecraft:enderman":2},"minecraft:mined":{"minecraft:tuff":2,"minecraft:glass_pane":2,"minecraft:mossy_cobblestone":1,"minecraft:deepslate_diamond_ore":3,"minecraft:snow_block":5,"blue_skies:moonstone":1,"minecraft:powder_snow":37,"born_in_chaos_v1:infected_diamond_ore":1,"born_in_chaos_v1:infected_deepslate_diamond_ore":1,"minecraft:torch":1,"minecraft:grass_block":4,"minecraft:cobblestone":4,"minecraft:oak_planks":2,"minecraft:moss_block":5,"minecraft:wall_torch":1,"minecraft:spawner":4,"minecraft:furnace":1,"minecraft:tnt":1,"blue_skies:lunar_stonebrick":4,"minecraft:oak_log":27,"minecraft:cave_vines":2,"blue_skies:spider_webbing":1,"minecraft:gravel":1,"minecraft:dirt":4,"byg:tall_pink_allium":1,"minecraft:cobweb":23,"byg:tall_allium":1,"minecraft:deepslate":40},"minecraft:custom":{"minecraft:interact_with_smithing_table":1,"minecraft:interact_with_furnace":1,"minecraft:mob_kills":40,"minecraft:interact_with_crafting_table":4,"minecraft:open_barrel":12,"minecraft:damage_dealt_resisted":1618,"minecraft:leave_game":1,"minecraft:time_since_death":106107,"minecraft:sleep_in_bed":2,"minecraft:climb_one_cm":336,"minecraft:time_since_rest":97678,"minecraft:waystone_activated":4,"minecraft:sprint_one_cm":227264,"minecraft:damage_taken":1545,"minecraft:walk_one_cm":263085,"minecraft:trigger_trapped_chest":4,"minecraft:drop":35,"minecraft:damage_dealt":9862,"minecraft:fly_one_cm":225244,"minecraft:open_chest":20,"minecraft:crouch_one_cm":2996,"minecraft:play_time":106107,"tombstone:undead_killed":17,"minecraft:sneak_time":1035,"minecraft:walk_under_water_one_cm":7669,"minecraft:jump":1863,"minecraft:walk_on_water_one_cm":17474,"minecraft:total_world_time":106107,"minecraft:fall_one_cm":43998},"minecraft:broken":{"justhammers:diamond_hammer":1},"minecraft:dropped":{"byg:biomepedia":1,"justhammers:diamond_hammer":2,"minecraft:lapis_lazuli":12,"minecraft:cooked_beef":1,"alexsmobs:animal_dictionary":1,"minecraft:cobbled_deepslate":464,"minecraft:ender_pearl":1,"minecraft:dripstone_block":2,"minecraft:tuff":76,"born_in_chaos_v1:ethereal_spirit":1,"minecraft:pointed_dripstone":1,"minecraft:cobblestone":22,"minecraft:rotten_flesh":1,"byg:tall_allium":1,"mca:book_romance":1,"minecraft:diorite":24,"minecraft:andesite":1,"minecraft:diamond_pickaxe":1,"born_in_chaos_v1:corpse_maggot":5,"minecraft:snowball":4,"byg:tall_pink_allium":2},"minecraft:crafted":{"minecraft:oak_planks":16,"minecraft:diamond_axe":1,"minecraft:crafting_table":1,"minecraft:stick":60,"justhammers:diamond_hammer":2,"minecraft:torch":124},"minecraft:used":{"minecraft:diorite":4,"minecraft:diamond_boots":1,"minecraft:iron_shovel":33,"minecraft:diamond_axe":24,"minecraft:oak_planks":6,"born_in_chaos_v1:nightmare_mantleofthe_night_chestplate":1,"simplyswords:diamond_twinblade":236,"minecraft:torch":105,"minecraft:mossy_cobblestone":1,"minecraft:dirt":2,"justhammers:diamond_hammer":967,"minecraft:crafting_table":1,"simplyswords:storms_edge":2,"minecraft:blast_furnace":1,"born_in_chaos_v1:corpse_maggot":1,"minecraft:diamond_pickaxe":84,"minecraft:mossy_cobblestone_slab":1,"tombstone:magic_scroll":3,"minecraft:iron_helmet":1,"minecraft:cobblestone":38,"tombstone:gift":2,"minecraft:cooked_beef":22,"minecraft:cobbled_deepslate":211,"minecraft:diamond_leggings":1},"minecraft:picked_up":{"byg:soapstone":38,"born_in_chaos_v1:corpse_maggot":9,"born_in_chaos_v1:diamond_termite_shard":3,"minecraft:mossy_cobblestone_slab":1,"minecraft:cooked_beef":1,"born_in_chaos_v1:monster_flesh":1,"minecraft:andesite":1,"byg:tall_pink_allium":2,"artifacts:umbrella":1,"minecraft:lapis_lazuli":12,"blue_skies:moonstone":1,"minecraft:golden_shovel":1,"minecraft:flint":4,"minecraft:tuff":158,"minecraft:oak_log":48,"minecraft:chain":1,"minecraft:gunpowder":7,"minecraft:string":19,"minecraft:dirt":8,"tombstone:gift":1,"minecraft:raw_copper":7,"minecraft:bone":14,"minecraft:cartography_table":1,"minecraft:cobbled_deepslate":1714,"minecraft:raw_gold":9,"blue_skies:lunar_stonebrick":1,"born_in_chaos_v1:gnawed_bones":1,"minecraft:glass_bottle":2,"minecraft:moss_block":17,"minecraft:oak_planks":25,"minecraft:furnace":1,"midnight_madness:dark_wolf_skin":3,"simplyswords:storms_edge":1,"minecraft:raw_iron":5,"born_in_chaos_v1:shattered_skull":1,"minecraft:torch":2,"born_in_chaos_v1:ethereal_spirit":2,"minecraft:dripstone_block":3,"alexsmobs:crocodile_egg":1,"minecraft:redstone":9,"minecraft:blast_furnace":1,"minecraft:pointed_dripstone":1,"born_in_chaos_v1:fangofthe_hound_leader":1,"tombstone:grave_dust":4,"minecraft:diorite":28,"born_in_chaos_v1:pieceofdarkmetal":3,"artifacts:scarf_of_invisibility":1,"justhammers:diamond_hammer":2,"minecraft:mossy_cobblestone":1,"alexsmobs:crocodile_scute":3,"minecraft:leather_helmet":1,"minecraft:arrow":1,"minecraft:rotten_flesh":6,"minecraft:diamond":9,"byg:tall_allium":1,"minecraft:granite":61,"minecraft:golden_apple":1,"minecraft:spruce_sign":2,"minecraft:coal":23,"minecraft:snowball":4,"minecraft:ender_pearl":2,"minecraft:cobblestone":358,"minecraft:diamond_pickaxe":1}},"DataVersion":2975}