{"stats":{"minecraft:picked_up":{"born_in_chaos_v1:corpse_maggot":7,"born_in_chaos_v1:diamond_termite_shard":3,"minecraft:mossy_cobblestone_slab":1,"born_in_chaos_v1:monster_flesh":1,"minecraft:andesite":1,"byg:tall_pink_allium":2,"artifacts:umbrella":1,"blue_skies:moonstone":1,"minecraft:golden_shovel":1,"minecraft:flint":4,"minecraft:tuff":124,"minecraft:chain":1,"minecraft:gunpowder":7,"minecraft:string":19,"minecraft:dirt":2,"tombstone:gift":1,"minecraft:raw_copper":7,"minecraft:bone":14,"minecraft:cartography_table":1,"minecraft:cobbled_deepslate":1506,"minecraft:raw_gold":9,"blue_skies:lunar_stonebrick":1,"born_in_chaos_v1:gnawed_bones":1,"minecraft:glass_bottle":2,"minecraft:moss_block":17,"minecraft:oak_planks":25,"minecraft:furnace":1,"midnight_madness:dark_wolf_skin":3,"born_in_chaos_v1:shattered_skull":1,"minecraft:torch":2,"born_in_chaos_v1:ethereal_spirit":2,"minecraft:dripstone_block":3,"alexsmobs:crocodile_egg":1,"born_in_chaos_v1:pieceofdarkmetal":3,"minecraft:blast_furnace":1,"tombstone:grave_dust":4,"born_in_chaos_v1:fangofthe_hound_leader":1,"minecraft:pointed_dripstone":1,"minecraft:diorite":4,"minecraft:redstone":9,"artifacts:scarf_of_invisibility":1,"justhammers:diamond_hammer":1,"minecraft:leather_helmet":1,"minecraft:mossy_cobblestone":1,"alexsmobs:crocodile_scute":3,"minecraft:arrow":1,"minecraft:rotten_flesh":6,"minecraft:diamond":9,"byg:tall_allium":1,"minecraft:golden_apple":1,"minecraft:spruce_sign":2,"minecraft:coal":23,"minecraft:diamond_pickaxe":1,"minecraft:cobblestone":56,"minecraft:ender_pearl":2},"minecraft:dropped":{"byg:biomepedia":1,"justhammers:diamond_hammer":1,"alexsmobs:animal_dictionary":1,"minecraft:cobbled_deepslate":384,"minecraft:ender_pearl":1,"minecraft:tuff":64,"minecraft:dripstone_block":2,"born_in_chaos_v1:ethereal_spirit":1,"minecraft:pointed_dripstone":1,"minecraft:cobblestone":22,"minecraft:rotten_flesh":1,"byg:tall_allium":1,"mca:book_romance":1,"minecraft:diamond_pickaxe":1,"minecraft:andesite":1,"born_in_chaos_v1:corpse_maggot":4,"byg:tall_pink_allium":2},"minecraft:used":{"minecraft:diorite":4,"minecraft:diamond_boots":1,"minecraft:iron_shovel":13,"minecraft:oak_planks":6,"born_in_chaos_v1:nightmare_mantleofthe_night_chestplate":1,"simplyswords:diamond_twinblade":236,"minecraft:torch":63,"minecraft:mossy_cobblestone":1,"minecraft:dirt":2,"minecraft:crafting_table":1,"justhammers:diamond_hammer":665,"born_in_chaos_v1:corpse_maggot":1,"minecraft:diamond_pickaxe":84,"tombstone:magic_scroll":3,"minecraft:iron_helmet":1,"minecraft:mossy_cobblestone_slab":1,"minecraft:cobblestone":20,"tombstone:gift":2,"minecraft:cooked_beef":19,"minecraft:cobbled_deepslate":211,"minecraft:diamond_leggings":1},"minecraft:mined":{"minecraft:tuff":2,"minecraft:glass_pane":2,"minecraft:mossy_cobblestone":1,"minecraft:deepslate_diamond_ore":3,"minecraft:powder_snow":28,"blue_skies:moonstone":1,"born_in_chaos_v1:infected_diamond_ore":1,"born_in_chaos_v1:infected_deepslate_diamond_ore":1,"minecraft:cobblestone":4,"minecraft:moss_block":5,"minecraft:oak_planks":2,"minecraft:wall_torch":1,"minecraft:spawner":4,"minecraft:furnace":1,"minecraft:tnt":1,"blue_skies:lunar_stonebrick":4,"minecraft:cave_vines":2,"blue_skies:spider_webbing":1,"minecraft:gravel":1,"minecraft:dirt":2,"byg:tall_pink_allium":1,"minecraft:cobweb":23,"byg:tall_allium":1,"minecraft:deepslate":40},"minecraft:custom":{"minecraft:interact_with_smithing_table":1,"minecraft:interact_with_furnace":1,"minecraft:mob_kills":40,"minecraft:interact_with_crafting_table":2,"minecraft:open_barrel":12,"minecraft:damage_dealt_resisted":1618,"minecraft:time_since_death":82705,"minecraft:climb_one_cm":336,"minecraft:sleep_in_bed":2,"minecraft:time_since_rest":74276,"minecraft:waystone_activated":4,"minecraft:sprint_one_cm":181008,"minecraft:damage_taken":1435,"minecraft:walk_one_cm":229058,"minecraft:trigger_trapped_chest":4,"minecraft:drop":26,"minecraft:damage_dealt":10022,"minecraft:fly_one_cm":183041,"minecraft:open_chest":18,"minecraft:crouch_one_cm":2944,"minecraft:play_time":82705,"tombstone:undead_killed":17,"minecraft:sneak_time":959,"minecraft:walk_under_water_one_cm":7669,"minecraft:jump":1651,"minecraft:walk_on_water_one_cm":17474,"minecraft:total_world_time":82705,"minecraft:fall_one_cm":37374},"minecraft:broken":{"justhammers:diamond_hammer":1},"minecraft:crafted":{"minecraft:crafting_table":1,"minecraft:stick":28,"justhammers:diamond_hammer":2,"minecraft:torch":80},"minecraft:killed":{"minecraft:cave_spider":3,"born_in_chaos_v1:diamond_termite":2,"born_in_chaos_v1:restless_spirit":2,"born_in_chaos_v1:swarmer":1,"born_in_chaos_v1:baby_skeleton":1,"minecraft:spider":6,"minecraft:creeper":1,"born_in_chaos_v1:maggot":2,"born_in_chaos_v1:decrepit_skeleton":1,"minecraft:skeleton":4,"born_in_chaos_v1:dire_hound_leader":1,"minecraft:zombie":8,"born_in_chaos_v1:dread_hound":4,"born_in_chaos_v1:corpse_fly":2,"born_in_chaos_v1:skeleton_thrasher":1,"born_in_chaos_v1:baby_skeleton_2":1,"minecraft:enderman":2}},"DataVersion":2975}