{"stats":{"minecraft:killed":{"born_in_chaos_v1:restless_spirit":1,"minecraft:spider":5,"born_in_chaos_v1:baby_skeleton_minion":2,"born_in_chaos_v1:scarlet_persecutor":1,"minecraft:skeleton":13,"born_in_chaos_v1:skeleton_thrasher":2,"artifacts:mimic":3,"born_in_chaos_v1:bonescaller":2,"alexsmobs:grizzly_bear":1,"born_in_chaos_v1:shy_spirit":1,"minecraft:zombie":20,"born_in_chaos_v1:dread_hound":4,"born_in_chaos_v1:door_knight":1,"minecraft:cow":13,"born_in_chaos_v1:zombie_bruiser":1,"born_in_chaos_v1:maggot":5,"born_in_chaos_v1:corpse_fish":1,"alexsmobs:bison":1,"alexsmobs:rocky_roller":1,"born_in_chaos_v1:barrel_zombie":1,"graveyard:ghoul":1,"born_in_chaos_v1:baby_skeleton":1,"minecraft:bat":1,"born_in_chaos_v1:decrepit_skeleton":4,"midnight_madness:dark_wolf":5},"minecraft:mined":{"minecraft:white_bed":1,"minecraft:brewing_stand":1,"minecraft:obsidian":7,"minecraft:red_sand":3,"minecraft:grass_block":111,"minecraft:spawner":1,"minecraft:iron_ore":38,"minecraft:fire":4,"byg:prairie_grass":1,"minecraft:deepslate_lapis_ore":5,"minecraft:anvil":1,"minecraft:pointed_dripstone":6,"minecraft:dirt_path":4,"minecraft:oak_stairs":3,"byg:overgrown_netherrack":3,"minecraft:azalea_leaves":1,"byg:tall_prairie_grass":5,"minecraft:deepslate_redstone_ore":13,"byg:soul_shroom_block":3,"minecraft:soul_lantern":1,"minecraft:mushroom_stem":1,"minecraft:cobblestone":8,"minecraft:sugar_cane":22,"minecraft:oak_planks":8,"minecraft:wall_torch":2,"byg:soapstone":15,"minecraft:wheat":1,"dynamictrees:birch_leaves":1,"byg:subzero_ash_block":88,"minecraft:grass":5,"byg:withering_oak_log":9,"minecraft:oak_log":28,"minecraft:sand":63,"minecraft:dirt":97,"graveyard:small_cyan_urn":1,"born_in_chaos_v1:infernal_evil_pumpkin_s":1,"minecraft:netherrack":26,"minecraft:deepslate":98,"twilightforest:firefly":1,"minecraft:crying_obsidian":5,"minecraft:tuff":71,"minecraft:mossy_cobblestone":1,"minecraft:deepslate_diamond_ore":5,"byg:pink_allium_flower_bush":10,"minecraft:glow_lichen":1,"byg:subzero_ash":2,"born_in_chaos_v1:black_argillite":3,"minecraft:moss_block":4,"dynamictrees:oak_leaves":1,"graveyard:tg_moss_block":1,"minecraft:andesite":11,"byg:allium_flower_bush":3,"minecraft:deepslate_iron_ore":8,"byg:frost_magma":1,"minecraft:stone":292,"minecraft:smithing_table":1,"minecraft:oak_slab":1,"minecraft:glass_pane":2,"minecraft:stone_brick_slab":2,"minecraft:crafting_table":5,"minecraft:tall_grass":4,"graveyard:tg_grass_block":1,"minecraft:lapis_ore":5,"minecraft:diorite":1,"minecraft:birch_planks":3,"midnight_madness:rotten_oak_planks":2,"byg:leaf_pile":1,"minecraft:coal_ore":89,"minecraft:gravel":23,"minecraft:dripstone_block":29,"byg:tall_pink_allium":7,"minecraft:cracked_stone_bricks":1,"minecraft:stone_bricks":2,"byg:tall_allium":8},"minecraft:custom":{"minecraft:interact_with_crafting_table":30,"minecraft:open_barrel":17,"minecraft:leave_game":33,"minecraft:time_since_death":38886,"minecraft:damage_resisted":61,"minecraft:sprint_one_cm":1052902,"minecraft:damage_blocked_by_shield":80,"minecraft:drop":73,"minecraft:talked_to_villager":2,"minecraft:play_time":499760,"minecraft:deaths":7,"minecraft:jump":7582,"minecraft:interact_with_brewingstand":1,"minecraft:walk_on_water_one_cm":58468,"minecraft:enchant_item":3,"minecraft:interact_with_cartography_table":6,"minecraft:sleep_in_bed":8,"minecraft:waystone_activated":5,"minecraft:damage_dealt":19575,"minecraft:crouch_one_cm":9409,"tombstone:undead_killed":48,"minecraft:interact_with_smoker":3,"minecraft:horse_one_cm":22714,"minecraft:interact_with_smithing_table":3,"minecraft:mob_kills":94,"minecraft:interact_with_anvil":2,"minecraft:damage_dealt_resisted":254,"minecraft:climb_one_cm":4867,"minecraft:walk_one_cm":1337972,"minecraft:sneak_time":4192,"minecraft:walk_under_water_one_cm":33921,"minecraft:interact_with_blast_furnace":13,"minecraft:total_world_time":499760,"minecraft:time_since_rest":32269,"minecraft:damage_taken":8948,"minecraft:damage_absorbed":65,"minecraft:fly_one_cm":1155922,"minecraft:open_chest":130,"minecraft:fish_caught":1,"minecraft:fall_one_cm":464326},"minecraft:broken":{"minecraft:golden_boots":1,"minecraft:iron_boots":1,"minecraft:iron_chestplate":1,"minecraft:chainmail_helmet":1,"minecraft:iron_pickaxe":2,"minecraft:iron_helmet":1},"minecraft:dropped":{"byg:biomepedia":3,"minecraft:iron_sword":2,"minecraft:moss_block":3,"minecraft:diamond_axe":1,"byg:allium_flower_bush":5,"minecraft:dirt":86,"minecraft:bone_meal":2,"minecraft:iron_pickaxe":2,"minecraft:bone":14,"minecraft:cobbled_deepslate":4,"alexsmobs:animal_dictionary":1,"minecraft:pointed_dripstone":5,"minecraft:soul_lantern":1,"minecraft:rotten_flesh":22,"minecraft:oak_planks":1,"minecraft:poppy":3,"artifacts:panic_necklace":1,"minecraft:white_dye":1,"minecraft:beef":5,"minecraft:egg":4,"minecraft:bread":111,"minecraft:wheat_seeds":7,"minecraft:iron_helmet":1,"minecraft:cobblestone":29,"minecraft:stick":1,"byg:pink_allium_flower_bush":12,"mca:book_romance":3,"midnight_madness:rotten_oak_planks":2,"minecraft:diorite":1,"minecraft:torch":1,"minecraft:iron_leggings":1,"minecraft:iron_axe":1,"minecraft:iron_shovel":1,"minecraft:pink_tulip":3,"securitycraft:reinforced_red_sand":1,"minecraft:tuff":2,"byg:tall_allium":5,"minecraft:potato":2,"minecraft:shield":2,"minecraft:golden_sword":1,"byg:tall_pink_allium":6,"minecraft:blue_orchid":1,"minecraft:stone_pickaxe":1,"minecraft:wooden_pickaxe":2,"securitycraft:universal_block_reinforcer_lvl1":1},"minecraft:killed_by":{"midnight_madness:dark_wolf":1,"minecraft:player":1,"born_in_chaos_v1:sir_pumpkinhead":1,"minecraft:skeleton":1,"born_in_chaos_v1:corpse_fish":1},"minecraft:used":{"minecraft:iron_shovel":209,"minecraft:chest":2,"minecraft:shield":5,"minecraft:iron_sword":9,"securitycraft:security_camera":1,"minecraft:obsidian":5,"securitycraft:camera_monitor":1,"minecraft:lava_bucket":14,"minecraft:stone_bricks":4,"minecraft:egg":1,"minecraft:potato":1,"minecraft:diorite":1,"minecraft:stone_pickaxe":88,"minecraft:oak_planks":21,"minecraft:wooden_pickaxe":22,"minecraft:diamond_axe":344,"minecraft:sugar_cane":11,"minecraft:sand":61,"securitycraft:universal_block_remover":3,"minecraft:crying_obsidian":1,"minecraft:bread":161,"minecraft:gravel":17,"minecraft:smithing_table":1,"minecraft:andesite":4,"minecraft:bone_meal":2,"minecraft:experience_bottle":8,"minecraft:enchanting_table":1,"securitycraft:keypad_door_item":4,"minecraft:torch":178,"minecraft:dirt":125,"minecraft:anvil":1,"minecraft:bookshelf":5,"minecraft:iron_axe":23,"minecraft:oak_stairs":15,"minecraft:barrel":1,"securitycraft:sentry":2,"tombstone:gift":7,"minecraft:enchanted_golden_apple":1,"byg:withering_oak_log":4,"minecraft:water_bucket":5,"byg:pink_allium_flower_bush":1,"minecraft:birch_planks":245,"minecraft:mossy_cobblestone":1,"minecraft:crafting_table":6,"minecraft:white_bed":1,"minecraft:diamond_pickaxe":190,"minecraft:iron_pickaxe":489,"byg:soapstone":1,"minecraft:fishing_rod":6,"minecraft:cobblestone":266,"minecraft:bucket":21,"byg:subzero_ash_block":71},"minecraft:crafted":{"minecraft:oak_planks":180,"minecraft:bookshelf":6,"minecraft:chest":2,"minecraft:diamond_axe":1,"minecraft:crafting_table":3,"minecraft:wooden_pickaxe":1,"minecraft:birch_planks":244,"minecraft:book":13,"minecraft:paper":126,"minecraft:diamond_pickaxe":1,"minecraft:stick":28,"minecraft:iron_ingot":46,"minecraft:iron_pickaxe":2,"minecraft:raw_iron":54,"minecraft:fishing_rod":1,"minecraft:bone_meal":15,"minecraft:stone_pickaxe":1,"minecraft:enchanting_table":1,"minecraft:bucket":3,"minecraft:white_dye":1,"minecraft:oak_stairs":20,"minecraft:iron_shovel":1,"minecraft:torch":188},"minecraft:picked_up":{"minecraft:iron_chestplate":1,"minecraft:anvil":1,"artifacts:bunny_hoppers":3,"minecraft:smithing_table":1,"minecraft:oak_stairs":2,"minecraft:potion":2,"minecraft:enchanted_book":1,"byg:subzero_ash_block":84,"minecraft:brewing_stand":1,"born_in_chaos_v1:black_argillite":3,"minecraft:string":5,"minecraft:iron_leggings":4,"minecraft:experience_bottle":8,"minecraft:red_sand":3,"minecraft:cobbled_deepslate":68,"dynamictrees:oak_seed":17,"minecraft:iron_pickaxe":1,"minecraft:iron_boots":1,"minecraft:stick":150,"born_in_chaos_v1:shattered_skull":2,"minecraft:torch":39,"securitycraft:camera_monitor":1,"minecraft:pointed_dripstone":15,"tombstone:grave_dust":4,"minecraft:diorite":2,"minecraft:rotten_flesh":77,"artifacts:panic_necklace":3,"minecraft:obsidian":7,"minecraft:cobblestone":325,"minecraft:birch_log":61,"minecraft:andesite":10,"minecraft:potato":4,"minecraft:flint":1,"minecraft:tuff":68,"byg:withering_oak_log":8,"minecraft:lapis_lazuli":62,"alexsmobs:rocky_shell":1,"minecraft:dirt":267,"securitycraft:sentry":2,"born_in_chaos_v1:monster_skin":4,"minecraft:bone":64,"minecraft:bow":1,"minecraft:wheat_seeds":12,"minecraft:moss_block":9,"minecraft:oak_planks":9,"minecraft:poisonous_potato":1,"byg:soul_shroom":2,"minecraft:sand":62,"minecraft:barrel":1,"minecraft:mossy_cobblestone":1,"securitycraft:universal_block_remover":1,"midnight_madness:rotten_oak_planks":4,"tombstone:familiar_stone":1,"minecraft:diamond":6,"minecraft:soul_lantern":2,"minecraft:bone_meal":7,"minecraft:chainmail_helmet":1,"minecraft:netherrack":24,"minecraft:diamond_pickaxe":1,"minecraft:fishing_rod":1,"minecraft:crafting_table":5,"byg:soapstone":15,"born_in_chaos_v1:seedof_chaos":1,"byg:tall_pink_allium":11,"minecraft:wooden_pickaxe":3,"minecraft:chain":2,"minecraft:shield":3,"minecraft:iron_axe":2,"born_in_chaos_v1:intoxicating_decoction":1,"minecraft:iron_shovel":4,"minecraft:blue_orchid":2,"midnight_madness:dark_soul":1,"minecraft:cracked_stone_bricks":1,"byg:pink_allium_flower_bush":23,"minecraft:beef":32,"minecraft:poppy":9,"minecraft:sugar_cane":166,"minecraft:egg":5,"minecraft:raw_iron":46,"twilightforest:giant_cobblestone":2,"minecraft:white_dye":2,"born_in_chaos_v1:pieceofdarkmetal":8,"minecraft:carrot":5,"minecraft:redstone":61,"twilightforest:firefly":1,"artifacts:snorkel":1,"byg:biomepedia":2,"minecraft:arrow":24,"simplyswords:iron_scythe":1,"minecraft:pink_tulip":5,"securitycraft:keypad_door_item":4,"minecraft:bone_block":1,"born_in_chaos_v1:corpse_maggot":3,"artifacts:digging_claws":1,"born_in_chaos_v1:monster_flesh":4,"minecraft:glow_ink_sac":2,"minecraft:salmon":1,"minecraft:leather":17,"minecraft:birch_planks":2,"minecraft:oak_log":38,"mca:book_romance":4,"securitycraft:reinforced_red_sand":1,"minecraft:stone_bricks":4,"byg:allium_flower_bush":10,"securitycraft:security_camera":1,"dynamictrees:birch_seed":37,"minecraft:iron_ingot":3,"securitycraft:universal_block_reinforcer_lvl1":2,"midnight_madness:dark_wolf_skin":11,"minecraft:stone_brick_slab":2,"born_in_chaos_v1:ethereal_spirit":2,"minecraft:dripstone_block":29,"minecraft:gravel":19,"midnight_madness:horror_clot":2,"minecraft:white_bed":1,"minecraft:crying_obsidian":5,"minecraft:spider_eye":2,"byg:tall_allium":13,"minecraft:iron_helmet":2,"minecraft:diamond_axe":2,"tombstone:magic_scroll":1,"minecraft:coal":169,"minecraft:ender_pearl":1}},"DataVersion":2975}