{"stats":{"minecraft:killed_by":{"minecraft:player":1,"born_in_chaos_v1:sir_pumpkinhead":1,"minecraft:skeleton":1,"midnight_madness:dark_wolf":1,"born_in_chaos_v1:corpse_fish":1},"minecraft:used":{"minecraft:iron_shovel":209,"minecraft:enchanting_table":1,"minecraft:chest":2,"minecraft:shield":5,"minecraft:iron_sword":9,"securitycraft:keypad_door_item":4,"securitycraft:security_camera":1,"minecraft:torch":177,"minecraft:dirt":125,"minecraft:anvil":1,"minecraft:obsidian":5,"securitycraft:camera_monitor":1,"minecraft:lava_bucket":14,"minecraft:bookshelf":5,"minecraft:iron_axe":23,"minecraft:oak_stairs":15,"minecraft:barrel":1,"minecraft:stone_bricks":4,"securitycraft:sentry":2,"tombstone:gift":7,"minecraft:egg":1,"minecraft:potato":1,"minecraft:enchanted_golden_apple":1,"byg:withering_oak_log":4,"minecraft:water_bucket":5,"minecraft:diorite":1,"byg:pink_allium_flower_bush":1,"minecraft:birch_planks":245,"minecraft:oak_planks":21,"minecraft:stone_pickaxe":88,"minecraft:wooden_pickaxe":22,"minecraft:diamond_axe":319,"minecraft:sugar_cane":11,"minecraft:mossy_cobblestone":1,"minecraft:sand":61,"minecraft:crafting_table":6,"securitycraft:universal_block_remover":3,"minecraft:white_bed":1,"minecraft:diamond_pickaxe":186,"minecraft:crying_obsidian":1,"minecraft:bread":147,"minecraft:iron_pickaxe":489,"minecraft:gravel":17,"byg:soapstone":1,"minecraft:andesite":4,"minecraft:fishing_rod":6,"minecraft:cobblestone":266,"minecraft:smithing_table":1,"minecraft:bucket":21,"byg:subzero_ash_block":71,"minecraft:bone_meal":2,"minecraft:experience_bottle":8},"minecraft:killed":{"born_in_chaos_v1:restless_spirit":1,"minecraft:spider":4,"born_in_chaos_v1:zombie_bruiser":1,"born_in_chaos_v1:baby_skeleton_minion":2,"born_in_chaos_v1:scarlet_persecutor":1,"born_in_chaos_v1:maggot":5,"minecraft:skeleton":10,"born_in_chaos_v1:skeleton_thrasher":2,"alexsmobs:bison":1,"born_in_chaos_v1:corpse_fish":1,"alexsmobs:rocky_roller":1,"artifacts:mimic":3,"born_in_chaos_v1:barrel_zombie":1,"born_in_chaos_v1:bonescaller":2,"graveyard:ghoul":1,"alexsmobs:grizzly_bear":1,"born_in_chaos_v1:baby_skeleton":1,"minecraft:bat":1,"born_in_chaos_v1:shy_spirit":1,"born_in_chaos_v1:decrepit_skeleton":4,"midnight_madness:dark_wolf":5,"minecraft:zombie":19,"born_in_chaos_v1:dread_hound":3,"born_in_chaos_v1:door_knight":1,"minecraft:cow":9},"minecraft:custom":{"minecraft:interact_with_smithing_table":3,"minecraft:interact_with_anvil":2,"minecraft:mob_kills":84,"minecraft:interact_with_crafting_table":30,"minecraft:open_barrel":17,"minecraft:damage_dealt_resisted":254,"minecraft:leave_game":31,"minecraft:time_since_death":477,"minecraft:climb_one_cm":4867,"minecraft:damage_resisted":61,"minecraft:sprint_one_cm":939579,"minecraft:walk_one_cm":1255648,"minecraft:damage_blocked_by_shield":80,"minecraft:drop":72,"minecraft:talked_to_villager":2,"minecraft:play_time":461351,"minecraft:sneak_time":4192,"minecraft:deaths":7,"minecraft:walk_under_water_one_cm":31316,"minecraft:jump":7027,"minecraft:interact_with_brewingstand":1,"minecraft:interact_with_blast_furnace":13,"minecraft:walk_on_water_one_cm":54903,"minecraft:enchant_item":3,"minecraft:total_world_time":461351,"minecraft:interact_with_cartography_table":6,"minecraft:sleep_in_bed":7,"minecraft:time_since_rest":520,"minecraft:waystone_activated":5,"minecraft:damage_absorbed":65,"minecraft:damage_taken":7663,"minecraft:damage_dealt":18104,"minecraft:fly_one_cm":1050559,"minecraft:open_chest":120,"minecraft:crouch_one_cm":9409,"tombstone:undead_killed":44,"minecraft:interact_with_smoker":3,"minecraft:fish_caught":1,"minecraft:fall_one_cm":433228,"minecraft:horse_one_cm":22714},"minecraft:picked_up":{"minecraft:fishing_rod":1,"minecraft:iron_chestplate":1,"minecraft:crafting_table":4,"byg:soapstone":15,"minecraft:anvil":1,"born_in_chaos_v1:seedof_chaos":1,"minecraft:smithing_table":1,"artifacts:bunny_hoppers":3,"byg:tall_pink_allium":11,"minecraft:wooden_pickaxe":3,"minecraft:oak_stairs":2,"minecraft:enchanted_book":1,"minecraft:chain":2,"byg:subzero_ash_block":84,"minecraft:shield":3,"born_in_chaos_v1:black_argillite":3,"minecraft:string":3,"minecraft:iron_axe":2,"minecraft:iron_leggings":4,"minecraft:iron_shovel":4,"minecraft:experience_bottle":8,"minecraft:blue_orchid":2,"minecraft:cracked_stone_bricks":1,"minecraft:red_sand":3,"minecraft:cobbled_deepslate":68,"byg:pink_allium_flower_bush":23,"minecraft:beef":24,"dynamictrees:oak_seed":17,"minecraft:poppy":9,"minecraft:iron_pickaxe":1,"minecraft:sugar_cane":154,"minecraft:iron_boots":1,"minecraft:egg":5,"minecraft:raw_iron":46,"minecraft:stick":150,"born_in_chaos_v1:shattered_skull":2,"twilightforest:giant_cobblestone":2,"minecraft:torch":39,"securitycraft:camera_monitor":1,"minecraft:white_dye":2,"tombstone:grave_dust":4,"minecraft:pointed_dripstone":15,"minecraft:diorite":2,"born_in_chaos_v1:pieceofdarkmetal":8,"minecraft:carrot":5,"minecraft:redstone":61,"artifacts:snorkel":1,"byg:biomepedia":2,"minecraft:arrow":24,"minecraft:rotten_flesh":77,"simplyswords:iron_scythe":1,"minecraft:pink_tulip":5,"artifacts:panic_necklace":3,"minecraft:obsidian":7,"securitycraft:keypad_door_item":4,"minecraft:bone_block":1,"minecraft:cobblestone":325,"minecraft:birch_log":61,"born_in_chaos_v1:corpse_maggot":3,"born_in_chaos_v1:monster_flesh":3,"artifacts:digging_claws":1,"minecraft:glow_ink_sac":2,"minecraft:andesite":10,"minecraft:salmon":1,"minecraft:leather":13,"minecraft:potato":4,"minecraft:birch_planks":2,"minecraft:flint":1,"minecraft:tuff":68,"minecraft:oak_log":38,"byg:withering_oak_log":8,"mca:book_romance":4,"alexsmobs:rocky_shell":1,"minecraft:lapis_lazuli":62,"minecraft:dirt":267,"securitycraft:sentry":2,"born_in_chaos_v1:monster_skin":3,"securitycraft:reinforced_red_sand":1,"minecraft:bone":62,"minecraft:stone_bricks":4,"minecraft:bow":1,"minecraft:wheat_seeds":11,"byg:allium_flower_bush":10,"securitycraft:security_camera":1,"minecraft:iron_ingot":3,"dynamictrees:birch_seed":37,"securitycraft:universal_block_reinforcer_lvl1":2,"minecraft:moss_block":9,"minecraft:oak_planks":9,"midnight_madness:dark_wolf_skin":11,"minecraft:stone_brick_slab":2,"born_in_chaos_v1:ethereal_spirit":2,"minecraft:poisonous_potato":1,"minecraft:dripstone_block":29,"minecraft:gravel":19,"byg:soul_shroom":2,"midnight_madness:horror_clot":2,"minecraft:sand":62,"minecraft:crying_obsidian":5,"minecraft:spider_eye":1,"minecraft:barrel":1,"minecraft:mossy_cobblestone":1,"securitycraft:universal_block_remover":1,"midnight_madness:rotten_oak_planks":4,"tombstone:familiar_stone":1,"minecraft:diamond":6,"minecraft:soul_lantern":2,"byg:tall_allium":13,"minecraft:iron_helmet":2,"minecraft:diamond_axe":1,"minecraft:bone_meal":7,"minecraft:chainmail_helmet":1,"tombstone:magic_scroll":1,"minecraft:netherrack":24,"minecraft:coal":169,"minecraft:diamond_pickaxe":1,"minecraft:ender_pearl":1},"minecraft:dropped":{"byg:biomepedia":3,"minecraft:bread":111,"minecraft:iron_sword":2,"minecraft:moss_block":3,"minecraft:wheat_seeds":7,"byg:allium_flower_bush":5,"minecraft:iron_helmet":1,"minecraft:cobblestone":29,"minecraft:stick":1,"minecraft:dirt":86,"byg:pink_allium_flower_bush":12,"mca:book_romance":3,"minecraft:diorite":1,"midnight_madness:rotten_oak_planks":2,"minecraft:torch":1,"minecraft:iron_leggings":1,"minecraft:bone_meal":2,"minecraft:iron_axe":1,"minecraft:iron_pickaxe":2,"minecraft:iron_shovel":1,"minecraft:pink_tulip":3,"minecraft:bone":14,"securitycraft:reinforced_red_sand":1,"alexsmobs:animal_dictionary":1,"minecraft:cobbled_deepslate":4,"minecraft:tuff":2,"minecraft:soul_lantern":1,"minecraft:pointed_dripstone":5,"minecraft:rotten_flesh":22,"byg:tall_allium":5,"minecraft:oak_planks":1,"minecraft:poppy":3,"minecraft:potato":2,"minecraft:shield":2,"artifacts:panic_necklace":1,"minecraft:golden_sword":1,"minecraft:white_dye":1,"byg:tall_pink_allium":6,"minecraft:blue_orchid":1,"minecraft:wooden_pickaxe":2,"minecraft:beef":5,"minecraft:stone_pickaxe":1,"securitycraft:universal_block_reinforcer_lvl1":1,"minecraft:egg":4},"minecraft:mined":{"minecraft:crying_obsidian":5,"minecraft:tuff":71,"minecraft:mossy_cobblestone":1,"minecraft:deepslate_diamond_ore":5,"minecraft:obsidian":7,"minecraft:glow_lichen":1,"byg:pink_allium_flower_bush":10,"minecraft:red_sand":3,"minecraft:grass_block":111,"byg:subzero_ash":2,"born_in_chaos_v1:black_argillite":3,"minecraft:moss_block":4,"minecraft:spawner":1,"dynamictrees:oak_leaves":1,"graveyard:tg_moss_block":1,"minecraft:iron_ore":38,"minecraft:fire":4,"minecraft:andesite":11,"byg:prairie_grass":1,"byg:allium_flower_bush":3,"minecraft:anvil":1,"minecraft:deepslate_lapis_ore":5,"byg:frost_magma":1,"minecraft:pointed_dripstone":6,"minecraft:dirt_path":4,"minecraft:deepslate_iron_ore":8,"byg:overgrown_netherrack":3,"minecraft:oak_stairs":3,"minecraft:azalea_leaves":1,"minecraft:stone":292,"byg:tall_prairie_grass":5,"minecraft:smithing_table":1,"minecraft:deepslate_redstone_ore":13,"minecraft:oak_slab":1,"minecraft:glass_pane":2,"byg:soul_shroom_block":3,"minecraft:stone_brick_slab":2,"minecraft:soul_lantern":1,"minecraft:crafting_table":4,"minecraft:tall_grass":4,"minecraft:mushroom_stem":1,"graveyard:tg_grass_block":1,"minecraft:cobblestone":8,"minecraft:lapis_ore":5,"minecraft:oak_planks":8,"minecraft:sugar_cane":16,"minecraft:diorite":1,"minecraft:wall_torch":2,"minecraft:birch_planks":3,"byg:soapstone":15,"midnight_madness:rotten_oak_planks":2,"minecraft:wheat":1,"dynamictrees:birch_leaves":1,"byg:subzero_ash_block":88,"minecraft:grass":4,"byg:withering_oak_log":9,"minecraft:coal_ore":89,"minecraft:oak_log":28,"minecraft:gravel":23,"minecraft:dirt":97,"minecraft:sand":63,"minecraft:dripstone_block":29,"byg:tall_pink_allium":7,"minecraft:cracked_stone_bricks":1,"graveyard:small_cyan_urn":1,"born_in_chaos_v1:infernal_evil_pumpkin_s":1,"minecraft:stone_bricks":2,"byg:tall_allium":8,"minecraft:netherrack":26,"minecraft:deepslate":98},"minecraft:broken":{"minecraft:iron_boots":1,"minecraft:iron_chestplate":1,"minecraft:iron_pickaxe":2,"minecraft:iron_helmet":1},"minecraft:crafted":{"minecraft:oak_planks":180,"minecraft:raw_iron":54,"minecraft:fishing_rod":1,"minecraft:bone_meal":15,"minecraft:bookshelf":6,"minecraft:stone_pickaxe":1,"minecraft:chest":2,"minecraft:diamond_axe":1,"minecraft:crafting_table":3,"minecraft:enchanting_table":1,"minecraft:wooden_pickaxe":1,"minecraft:bucket":3,"minecraft:birch_planks":244,"minecraft:diamond_pickaxe":1,"minecraft:book":13,"minecraft:paper":126,"minecraft:white_dye":1,"minecraft:stick":28,"minecraft:iron_ingot":46,"minecraft:iron_pickaxe":2,"minecraft:oak_stairs":20,"minecraft:iron_shovel":1,"minecraft:torch":188}},"DataVersion":2975}