{"stats":{"minecraft:mined":{"minecraft:dead_bush":35,"minecraft:barrel":2},"minecraft:custom":{"minecraft:open_barrel":1,"minecraft:time_since_rest":9390,"minecraft:open_chest":1,"minecraft:waystone_activated":4,"minecraft:crouch_one_cm":78,"minecraft:play_time":9390,"minecraft:sprint_one_cm":10544,"minecraft:damage_taken":225,"minecraft:walk_one_cm":43594,"minecraft:sneak_time":19,"minecraft:walk_under_water_one_cm":5375,"minecraft:mob_kills":1,"minecraft:jump":90,"minecraft:damage_dealt":73,"minecraft:leave_game":1,"minecraft:time_since_death":9390,"minecraft:walk_on_water_one_cm":2600,"minecraft:total_world_time":9390,"minecraft:fly_one_cm":3198,"minecraft:fall_one_cm":420},"minecraft:used":{"alexsmobs:animal_dictionary":1,"minecraft:barrel":1},"minecraft:picked_up":{"minecraft:stick":32,"minecraft:barrel":2}},"DataVersion":2975}