{"stats":{"minecraft:killed":{"minecraft:witch":1,"born_in_chaos_v1:restless_spirit":2,"minecraft:spider":1,"born_in_chaos_v1:zombie_bruiser":3,"born_in_chaos_v1:maggot":2,"born_in_chaos_v1:scarlet_persecutor":10,"minecraft:skeleton":2,"graveyard:acolyte":1,"midnight_madness:fallen_king":1,"born_in_chaos_v1:baby_skeleton_2":1,"born_in_chaos_v1:corpse_fish":1,"born_in_chaos_v1:firelight_not_despawn":1,"born_in_chaos_v1:fallen_chaos_knight":2,"minecraft:husk":1,"born_in_chaos_v1:bonescaller":1,"born_in_chaos_v1:diamond_termite":7,"minecraft:salmon":4,"born_in_chaos_v1:wither_scuttler":1,"minecraft:iron_golem":1,"born_in_chaos_v1:dread_hound_not_despawn":1,"minecraft:creeper":1,"alexsmobs:emu":1,"born_in_chaos_v1:decrepit_skeleton":1,"midnight_madness:dark_wolf":2,"minecraft:sheep":1,"minecraft:zombie":8,"born_in_chaos_v1:dread_hound":2,"alexsmobs:terrapin":5,"born_in_chaos_v1:corpse_fly":3,"born_in_chaos_v1:dark_vortex":1,"born_in_chaos_v1:nightmare_stalker":1},"minecraft:mined":{"minecraft:blue_carpet":1,"minecraft:tuff":74,"minecraft:spruce_planks":1,"minecraft:white_bed":1,"minecraft:mossy_cobblestone":2,"minecraft:deepslate_diamond_ore":45,"minecraft:cobbled_deepslate_stairs":1,"minecraft:obsidian":2,"minecraft:potted_dead_bush":1,"minecraft:brewing_stand":1,"born_in_chaos_v1:infected_diamond_ore":4,"minecraft:granite":47,"byg:pink_allium_flower_bush":34,"minecraft:red_sand":2,"minecraft:grass_block":443,"born_in_chaos_v1:black_argillite":2,"minecraft:sandstone":3,"minecraft:hay_block":3,"minecraft:furnace":5,"minecraft:iron_ore":60,"minecraft:fire":2,"minecraft:cobbled_deepslate":6,"minecraft:andesite":42,"byg:allium_flower_bush":3,"minecraft:deepslate_lapis_ore":3,"minecraft:dirt_path":82,"minecraft:deepslate_iron_ore":9,"minecraft:oak_stairs":8,"minecraft:deepslate_brick_stairs":2,"minecraft:stone":1155,"minecraft:stone_brick_slab":1,"minecraft:polished_granite":1,"minecraft:smooth_sandstone":1,"minecraft:crafting_table":4,"minecraft:torch":17,"minecraft:blast_furnace":1,"minecraft:copper_ore":9,"minecraft:tall_grass":5,"minecraft:cobblestone":55,"minecraft:deepslate_coal_ore":1,"minecraft:oak_planks":1,"minecraft:sugar_cane":49,"minecraft:diorite":47,"minecraft:wall_torch":58,"minecraft:deepslate_copper_ore":3,"minecraft:birch_planks":11,"minecraft:cactus":1,"byg:soapstone":55,"byg:palo_verde_leaves":2,"byg:subzero_ash_block":3,"minecraft:stone_brick_stairs":1,"minecraft:yellow_bed":4,"minecraft:grass":7,"minecraft:coal_ore":87,"minecraft:gravel":15,"minecraft:dirt":431,"minecraft:sand":4,"byg:palo_verde_log":18,"byg:tall_pink_allium":16,"minecraft:stonecutter":1,"minecraft:stone_bricks":2,"byg:tall_allium":43,"minecraft:netherrack":12,"minecraft:deepslate":420,"byg:travertine":13},"minecraft:custom":{"minecraft:interact_with_anvil":2,"minecraft:mob_kills":74,"minecraft:interact_with_crafting_table":31,"minecraft:open_barrel":4,"minecraft:bell_ring":4,"minecraft:damage_dealt_resisted":130,"minecraft:leave_game":45,"minecraft:time_since_death":240510,"minecraft:climb_one_cm":5764,"minecraft:sprint_one_cm":819485,"minecraft:walk_one_cm":865796,"minecraft:damage_blocked_by_shield":1170,"minecraft:drop":141,"minecraft:damage_dealt_absorbed":80,"minecraft:play_time":414598,"minecraft:sneak_time":21912,"minecraft:deaths":9,"minecraft:walk_under_water_one_cm":37961,"minecraft:boat_one_cm":148535,"minecraft:jump":6644,"minecraft:interact_with_blast_furnace":9,"minecraft:walk_on_water_one_cm":30159,"minecraft:total_world_time":414598,"minecraft:interact_with_furnace":11,"tombstone:raider_killed":1,"minecraft:interact_with_stonecutter":2,"minecraft:sleep_in_bed":3,"minecraft:time_since_rest":190353,"minecraft:waystone_activated":7,"minecraft:damage_taken":12576,"minecraft:damage_dealt":19119,"minecraft:player_kills":1,"minecraft:swim_one_cm":119943,"minecraft:fly_one_cm":1279951,"minecraft:open_chest":32,"minecraft:crouch_one_cm":57061,"tombstone:undead_killed":20,"minecraft:fall_one_cm":178690},"minecraft:broken":{"minecraft:iron_shovel":1,"minecraft:stone_pickaxe":2,"minecraft:iron_pickaxe":4},"minecraft:dropped":{"minecraft:enchanted_book":1,"byg:biomepedia":2,"minecraft:iron_sword":3,"minecraft:wheat_seeds":1,"minecraft:lapis_lazuli":5,"minecraft:cobbled_deepslate_stairs":2,"minecraft:oak_log":1,"minecraft:mossy_cobblestone":1,"minecraft:diamond":10,"byg:allium_flower_bush":5,"minecraft:iron_helmet":1,"minecraft:feather":3,"minecraft:cobblestone":26,"minecraft:leather":2,"minecraft:granite":35,"minecraft:flint":3,"minecraft:stick":9,"minecraft:dirt":111,"byg:pink_allium_flower_bush":39,"born_in_chaos_v1:black_argillite":2,"minecraft:diorite":45,"born_in_chaos_v1:river_mint":8,"minecraft:torch":56,"minecraft:wooden_axe":2,"tombstone:grave_dust":1,"minecraft:dead_bush":1,"minecraft:iron_leggings":1,"alexsmobs:emu_feather":1,"minecraft:amethyst_shard":1,"minecraft:bone_meal":7,"minecraft:stonecutter":1,"minecraft:iron_pickaxe":1,"minecraft:cactus":1,"minecraft:string":3,"minecraft:stone_brick_slab":1,"minecraft:bone":10,"minecraft:gravel":79,"minecraft:sugar_cane":124,"byg:subzero_ash_block":3,"dynamictrees:oak_seed":1,"alexsmobs:animal_dictionary":1,"minecraft:cobbled_deepslate":71,"minecraft:tuff":57,"minecraft:rotten_flesh":26,"minecraft:iron_boots":1,"minecraft:diamond_sword":1,"minecraft:gunpowder":3,"minecraft:skeleton_skull":1,"minecraft:iron_chestplate":1,"minecraft:andesite":22,"born_in_chaos_v1:corpse_maggot":8,"minecraft:spider_eye":3,"minecraft:birch_boat":4,"minecraft:sandstone":7,"byg:tall_pink_allium":13,"minecraft:arrow":2,"minecraft:red_sand":1,"minecraft:stone_pickaxe":3,"minecraft:netherrack":4},"minecraft:killed_by":{"born_in_chaos_v1:nightmare_stalker":4,"minecraft:drowned":2,"alexsmobs:kangaroo":1},"minecraft:crafted":{"minecraft:oak_planks":56,"minecraft:birch_boat":2,"minecraft:furnace":10,"minecraft:diamond_shovel":1,"minecraft:flint_and_steel":1,"minecraft:diamond_leggings":1,"minecraft:stone_pickaxe":3,"minecraft:chest":1,"minecraft:diamond_boots":1,"sophisticatedbackpacks:iron_backpack":1,"minecraft:diamond_sword":1,"minecraft:crafting_table":11,"minecraft:copper_ingot":43,"sophisticatedbackpacks:gold_backpack":1,"minecraft:bucket":1,"minecraft:birch_planks":96,"minecraft:air":0,"minecraft:shield":1,"minecraft:diamond_pickaxe":1,"sophisticatedbackpacks:diamond_backpack":1,"minecraft:stick":60,"minecraft:iron_ingot":59,"minecraft:iron_pickaxe":3,"minecraft:wooden_axe":1,"minecraft:torch":232,"minecraft:diamond_chestplate":1},"minecraft:used":{"byg:travertine":13,"minecraft:iron_shovel":255,"minecraft:red_sand":5,"minecraft:flint_and_steel":5,"minecraft:chest":1,"minecraft:iron_sword":259,"minecraft:shield":15,"minecraft:torch":278,"minecraft:dirt":910,"minecraft:tuff":55,"minecraft:granite":20,"minecraft:obsidian":2,"minecraft:wooden_axe":2,"minecraft:iron_axe":67,"minecraft:golden_carrot":2,"minecraft:furnace":5,"tombstone:gift":6,"minecraft:cobbled_deepslate":161,"minecraft:cobbled_deepslate_wall":1,"minecraft:water_bucket":21,"minecraft:diorite":45,"minecraft:birch_planks":15,"minecraft:oak_planks":18,"minecraft:stone_pickaxe":344,"minecraft:birch_boat":4,"minecraft:stonecutter":1,"minecraft:crafting_table":15,"minecraft:white_bed":1,"minecraft:diamond_pickaxe":691,"minecraft:red_sandstone":11,"byg:tall_allium":1,"minecraft:diamond_shovel":695,"born_in_chaos_v1:monster_flesh":1,"minecraft:iron_pickaxe":1277,"minecraft:bread":226,"minecraft:gravel":1,"minecraft:diamond_sword":163,"minecraft:cobblestone":957,"minecraft:andesite":15,"minecraft:bucket":22,"minecraft:yellow_bed":3},"minecraft:picked_up":{"minecraft:wooden_axe":2,"minecraft:crafting_table":5,"born_in_chaos_v1:diamond_termite_shard":7,"byg:soapstone":53,"born_in_chaos_v1:river_mint":8,"born_in_chaos_v1:seedof_chaos":3,"byg:tall_pink_allium":13,"minecraft:diamond_sword":1,"minecraft:enchanted_book":4,"byg:palo_verde_sapling":1,"byg:subzero_ash_block":3,"minecraft:brewing_stand":1,"minecraft:shield":1,"born_in_chaos_v1:black_argillite":4,"minecraft:string":3,"minecraft:raw_copper":43,"minecraft:iron_axe":1,"midnight_madness:dark_essence":2,"minecraft:iron_shovel":1,"midnight_madness:dark_soul":2,"graveyard:corruption":5,"alexsmobs:emu_feather":1,"minecraft:red_sand":1,"minecraft:cobbled_deepslate":415,"byg:pink_allium_flower_bush":45,"dynamictrees:oak_seed":1,"minecraft:iron_pickaxe":1,"minecraft:sugar_cane":124,"minecraft:furnace":5,"midnight_madness:soul":1,"minecraft:raw_iron":69,"minecraft:stick":36,"minecraft:sandstone":10,"minecraft:torch":161,"tombstone:grave_dust":2,"minecraft:diorite":90,"born_in_chaos_v1:nightmare_claw":2,"born_in_chaos_v1:pieceofdarkmetal":8,"minecraft:cactus":1,"byg:biomepedia":3,"minecraft:arrow":2,"minecraft:rotten_flesh":41,"minecraft:hay_block":3,"minecraft:deepslate_brick_stairs":2,"minecraft:obsidian":2,"minecraft:skeleton_skull":3,"minecraft:cobblestone":1166,"minecraft:birch_log":8,"born_in_chaos_v1:corpse_maggot":8,"minecraft:feather":3,"born_in_chaos_v1:monster_flesh":4,"minecraft:andesite":37,"minecraft:leather":2,"minecraft:potato":4,"minecraft:birch_planks":11,"minecraft:flint":4,"minecraft:tuff":131,"minecraft:oak_log":15,"minecraft:cobbled_deepslate_stairs":3,"minecraft:yellow_bed":3,"minecraft:gunpowder":6,"minecraft:lapis_lazuli":18,"minecraft:dirt":1030,"tombstone:gift":2,"born_in_chaos_v1:monster_skin":3,"minecraft:smooth_sandstone":1,"minecraft:bone":8,"minecraft:stonecutter":2,"minecraft:wheat_seeds":26,"byg:allium_flower_bush":6,"minecraft:iron_ingot":11,"minecraft:stone_pickaxe":2,"minecraft:iron_sword":2,"midnight_madness:dark_wolf_skin":2,"minecraft:birch_boat":8,"minecraft:stone_brick_slab":1,"born_in_chaos_v1:ethereal_spirit":13,"minecraft:gravel":80,"midnight_madness:horror_clot":2,"minecraft:sand":4,"minecraft:amethyst_shard":2,"sophisticatedbackpacks:iron_backpack":1,"minecraft:blast_furnace":1,"minecraft:white_bed":1,"minecraft:dead_bush":1,"minecraft:spider_eye":3,"alexsmobs:animal_dictionary":1,"minecraft:mossy_cobblestone":1,"minecraft:diamond":73,"byg:tall_allium":33,"byg:palo_verde_log":16,"byg:travertine":13,"minecraft:granite":60,"minecraft:bone_meal":14,"tombstone:magic_scroll":1,"minecraft:netherrack":4,"minecraft:coal":129}},"DataVersion":2975}