{"stats":{"minecraft:used":{"minecraft:oak_planks":7,"born_in_chaos_v1:intoxicating_decoction":1,"minecraft:shield":31,"minecraft:iron_sword":84,"minecraft:cooked_chicken":1,"minecraft:wooden_shovel":54,"minecraft:torch":68,"minecraft:dirt":64,"minecraft:crafting_table":4,"minecraft:dripstone_block":20,"minecraft:granite":1,"minecraft:bread":43,"minecraft:iron_pickaxe":251,"minecraft:golden_sword":24,"minecraft:stone_axe":8,"minecraft:cobblestone":10,"minecraft:furnace":2,"tombstone:gift":1},"minecraft:killed":{"born_in_chaos_v1:zombie_clown":1,"minecraft:pig":1,"minecraft:spider":2,"born_in_chaos_v1:maggot":4,"minecraft:sheep":5,"minecraft:skeleton":4,"minecraft:zombie":1,"born_in_chaos_v1:dread_hound":1,"minecraft:chicken":1,"born_in_chaos_v1:corpse_fly":2,"born_in_chaos_v1:baby_skeleton_2":1,"alexsmobs:bison":1,"born_in_chaos_v1:firelight_not_despawn":2,"artifacts:mimic":1,"minecraft:cow":3},"minecraft:custom":{"minecraft:interact_with_furnace":6,"minecraft:mob_kills":31,"minecraft:interact_with_crafting_table":24,"minecraft:open_barrel":3,"minecraft:leave_game":4,"minecraft:time_since_death":52319,"minecraft:climb_one_cm":1710,"minecraft:time_since_rest":52347,"minecraft:waystone_activated":4,"minecraft:sprint_one_cm":326510,"minecraft:damage_taken":3867,"minecraft:damage_blocked_by_shield":545,"minecraft:walk_one_cm":411273,"minecraft:drop":31,"minecraft:damage_dealt":5346,"minecraft:swim_one_cm":2952,"minecraft:fly_one_cm":161917,"minecraft:open_chest":10,"minecraft:play_time":138186,"minecraft:crouch_one_cm":118,"tombstone:undead_killed":7,"minecraft:deaths":3,"minecraft:sneak_time":473,"minecraft:walk_under_water_one_cm":25267,"minecraft:jump":1814,"minecraft:walk_on_water_one_cm":26015,"minecraft:total_world_time":138186,"minecraft:fall_one_cm":38341,"minecraft:horse_one_cm":9976},"minecraft:picked_up":{"minecraft:charcoal":2,"minecraft:iron_chestplate":1,"minecraft:crafting_table":1,"minecraft:feather":4,"minecraft:chicken":4,"born_in_chaos_v1:river_mint":2,"minecraft:andesite":10,"byg:tall_pink_allium":2,"alexsmobs:bison_fur":2,"minecraft:oak_log":13,"minecraft:golden_sword":1,"minecraft:gunpowder":2,"minecraft:dirt":64,"minecraft:raw_copper":9,"minecraft:iron_leggings":1,"born_in_chaos_v1:monster_skin":5,"born_in_chaos_v1:intoxicating_decoction":2,"minecraft:bone":6,"minecraft:wheat_seeds":3,"minecraft:cobbled_deepslate_wall":1,"minecraft:cobbled_deepslate":16,"minecraft:raw_gold":7,"minecraft:iron_ingot":15,"byg:pink_allium_flower_bush":21,"minecraft:beef":17,"minecraft:cooked_chicken":1,"born_in_chaos_v1:gnawed_bones":1,"minecraft:iron_pickaxe":3,"minecraft:chest":2,"minecraft:iron_sword":1,"minecraft:oak_planks":6,"minecraft:iron_boots":1,"minecraft:furnace":3,"minecraft:egg":1,"midnight_madness:dark_wolf_skin":1,"minecraft:raw_iron":67,"minecraft:stick":6,"minecraft:torch":1,"minecraft:dripstone_block":24,"minecraft:gravel":16,"minecraft:porkchop":2,"minecraft:amethyst_shard":7,"minecraft:pointed_dripstone":18,"born_in_chaos_v1:nightmare_claw":1,"minecraft:redstone":22,"minecraft:barrel":4,"minecraft:rotten_flesh":24,"born_in_chaos_v1:fire_dust":2,"minecraft:diamond":1,"byg:tall_allium":1,"minecraft:iron_helmet":1,"minecraft:granite":1,"minecraft:gray_wool":1,"minecraft:saddle":1,"minecraft:bread":117,"minecraft:mutton":11,"minecraft:coal":108,"minecraft:white_wool":5,"minecraft:cobblestone":45},"minecraft:dropped":{"minecraft:bread":15,"minecraft:dripstone_block":4,"midnight_madness:dark_wolf_skin":1,"minecraft:pointed_dripstone":18,"minecraft:cobbled_deepslate_wall":1,"minecraft:feather":4,"minecraft:rotten_flesh":24,"byg:tall_allium":1,"minecraft:oak_planks":6,"born_in_chaos_v1:nightmare_claw":1,"born_in_chaos_v1:gnawed_bones":1,"byg:pink_allium_flower_bush":21,"minecraft:gray_wool":1,"born_in_chaos_v1:river_mint":2,"born_in_chaos_v1:monster_skin":5,"tombstone:grave_key":1,"byg:tall_pink_allium":2,"minecraft:beef":1,"minecraft:iron_pickaxe":1,"minecraft:music_disc_cat":1,"minecraft:egg":1},"minecraft:mined":{"minecraft:deepslate_redstone_ore":5,"byg:pink_allium_flower_bush":1,"minecraft:crafting_table":1,"minecraft:cobbled_deepslate_wall":1,"minecraft:glow_lichen":1,"minecraft:granite":2,"minecraft:grass_block":36,"minecraft:chest":2,"minecraft:campfire":1,"minecraft:copper_ore":2,"minecraft:deepslate_gold_ore":1,"minecraft:diorite":3,"byg:red_oak_leaves":3,"minecraft:furnace":3,"minecraft:iron_ore":70,"minecraft:barrel":4,"minecraft:andesite":7,"born_in_chaos_v1:river_mint":3,"minecraft:grass":6,"minecraft:coal_ore":66,"minecraft:pointed_dripstone":16,"minecraft:oak_log":11,"minecraft:deepslate_iron_ore":1,"minecraft:dripstone_block":4,"minecraft:dirt":15,"minecraft:stone":37,"minecraft:gold_ore":6,"minecraft:deepslate":18},"minecraft:broken":{"minecraft:iron_boots":1},"minecraft:crafted":{"minecraft:oak_planks":40,"minecraft:wooden_shovel":1,"minecraft:stone_shovel":1,"minecraft:crafting_table":3,"minecraft:furnace":2,"minecraft:oak_wood":3,"minecraft:stone_axe":1,"minecraft:stick":38,"minecraft:iron_ingot":6,"minecraft:iron_pickaxe":1,"minecraft:torch":64}},"DataVersion":2975}